,rs769449,rs429358
AET0044,0,1
AET0380,0,0
AET0027,0,0
AET0049,1,1
AET0006,0,0
AET0065,0,0
AET0374,0,0
AET0002,0,0
AET0110,0,0
AET0372,0,0
AET0036,1,1
AET0004,0,0
AET0070,0,0
AET0031,0,0
AET0076,0,1
AET0078,0,0
AET0068,0,0
AET0056,1,1
AET0055,0,0
AET0404,0,0
AET0073,0,0
AET0075,0,0
AET0085,0,0
AET0041,1,1
AET0025,1,1
AET0099,1,1
AET0377,0,0
AET0045,1,2
AET0080,0,0
AET0097,0,1
AET0090,1,1
AET0001,0,0
AET0066,0,0
AET0062,0,0
AET0052,0,0
AET0087,1,1
AET0022,1,2
AET0121,0,0
AET0039,0,0
AET0415,0,0
AET0046,0,0
AET0048,0,0
AET0051,0,0
AET0034,0,0
AET0016,0,0
AET0077,0,0
AET0015,1,1
AET0032,0,0
AET0418,0,0
AET0104,0,1
AET0397,0,0
AET0137,0,0
AET0123,0,0
AET0081,0,0
AET0107,1,1
AET0373,0,0
AET0017,1,1
AET0114,0,0
AET0003,0,0
AET0014,0,0
AET0074,0,0
AET0387,0,0
AET0088,0,0
AET0115,0,0
AET0033,0,0
AET0420,0,0
AET0030,0,0
AET0100,0,0
AET0026,0,0
AET0029,0,0
AET0057,0,0
AET0371,0,0
AET0122,0,0
AET0084,0,0
AET0092,0,0
AET0064,0,0
AET0058,0,1
AET0018,0,0
AET0103,1,1
AET0394,1,1
AET0416,0,0
AET0011,1,1
AET0023,0,0
AET0047,0,0
AET0109,0,0
AET0050,0,0
AET0393,1,1
AET0106,0,0
AET0061,1,2
AET0096,0,1
AET0028,0,0
AET0089,0,0
AET0008,1,2
AET0043,0,0
AET0083,1,1
AET0042,0,1
AET0035,1,1
AET0024,0,0
AET0113,0,0
AET0093,0,1
AET0396,1,1
AET0021,0,0
AET0071,0,0
AET0138,0,0
AET0111,0,0
AET0390,0,0
