,rs10878226,rs1491942,rs11175645,rs11175655,rs11175658,rs74324737,rs11175666,rs28903073,rs34637584,rs6088792,rs6088813
AET0044,0,0,0,0,0,0,0,0,0,0,1
AET0380,0,0,0,0,0,0,0,0,0,0,2
AET0027,1,1,1,1,1,1,1,0,0,1,0
AET0049,0,0,0,0,0,0,0,0,0,2,0
AET0006,1,1,1,1,1,1,1,0,0,1,0
AET0065,0,0,0,0,0,0,0,0,0,1,1
AET0374,0,0,0,0,0,0,0,0,0,1,0
AET0002,0,0,0,0,0,0,0,0,0,1,1
AET0110,0,0,0,0,0,0,0,0,0,1,1
AET0372,0,1,0,0,0,0,0,0,0,2,0
AET0036,0,0,0,0,0,0,0,0,0,1,1
AET0004,1,1,1,1,1,1,1,0,0,1,1
AET0070,0,0,0,0,0,0,0,0,0,0,2
AET0031,1,1,1,1,1,1,1,0,0,0,1
AET0076,0,0,0,0,0,0,0,0,0,0,2
AET0078,0,0,0,0,0,0,0,0,0,1,1
AET0068,0,0,0,0,0,0,0,0,0,0,2
AET0056,0,0,0,0,0,0,0,0,0,1,1
AET0055,0,0,0,0,0,0,0,0,0,1,1
AET0404,0,0,0,0,0,0,0,0,0,0,2
AET0073,1,2,1,1,1,1,1,0,0,1,1
AET0075,1,1,1,1,1,1,1,0,0,0,2
AET0085,0,0,0,0,0,0,0,0,0,0,2
AET0041,0,0,0,0,0,0,0,0,0,0,1
AET0025,0,0,0,0,0,0,0,0,0,1,1
AET0099,0,1,0,0,0,0,0,0,0,1,1
AET0377,0,0,0,0,0,0,0,0,0,0,2
AET0045,0,1,0,0,0,0,0,0,0,2,0
AET0080,0,0,0,0,0,0,0,0,0,2,0
AET0097,0,1,0,0,0,0,0,0,0,2,0
AET0090,0,0,0,0,0,0,0,0,0,1,1
AET0001,1,1,1,1,1,1,1,0,0,0,1
AET0066,0,0,0,0,0,0,0,0,0,0,1
AET0062,0,1,0,0,0,0,0,0,0,0,2
AET0052,0,0,0,0,0,0,0,0,0,0,2
AET0087,0,0,0,0,0,0,0,0,0,0,2
AET0022,0,0,0,0,0,0,0,0,0,2,0
AET0121,0,0,0,0,0,0,0,0,0,2,0
AET0039,0,1,0,0,0,0,0,0,0,1,1
AET0415,0,0,0,0,0,0,0,0,0,1,1
AET0046,0,0,0,0,0,0,0,0,0,1,1
AET0048,0,0,0,0,0,0,0,0,0,0,1
AET0051,0,0,0,0,0,0,0,0,0,0,2
AET0034,0,0,0,0,0,0,0,0,0,1,1
AET0016,0,0,0,0,0,0,0,0,0,0,2
AET0077,0,0,0,0,0,0,0,0,0,0,2
AET0015,0,0,0,0,0,0,0,0,0,1,1
AET0032,0,0,0,0,0,0,0,0,0,1,1
AET0418,0,0,0,0,0,0,0,0,0,2,0
AET0104,0,0,0,0,0,0,0,0,0,0,1
AET0397,1,1,1,1,1,1,1,0,0,0,1
AET0137,0,0,0,0,0,0,0,0,0,2,0
AET0123,0,0,0,0,0,0,0,0,0,1,1
AET0081,0,0,0,0,0,0,0,0,0,1,1
AET0107,0,0,0,0,0,0,0,0,0,0,1
AET0373,0,0,0,0,0,0,0,0,0,0,2
AET0017,0,0,0,0,0,0,0,0,0,0,2
AET0114,0,0,0,0,0,0,0,0,0,1,1
AET0003,0,0,0,0,0,0,0,0,0,2,0
AET0014,0,0,0,0,0,0,0,0,0,0,2
AET0074,0,0,0,0,0,0,0,0,0,1,1
AET0387,0,1,0,0,0,0,0,0,0,1,1
AET0088,0,0,0,0,0,0,0,0,0,1,1
AET0115,0,0,0,0,0,0,0,0,0,0,0
AET0033,0,0,0,0,0,0,0,0,0,0,2
AET0420,0,0,0,0,0,0,0,0,0,1,1
AET0030,0,0,0,0,0,0,0,0,0,0,1
AET0100,1,1,1,1,1,1,1,0,0,1,0
AET0026,0,1,0,0,0,0,0,0,0,0,2
AET0029,1,1,1,1,1,1,1,0,0,0,2
AET0057,0,0,0,0,0,0,0,0,0,1,1
AET0371,0,0,0,0,0,0,0,0,0,0,1
AET0122,1,1,1,1,1,1,1,0,0,0,2
AET0084,0,0,0,0,0,0,0,1,1,1,1
AET0092,0,0,0,0,0,0,0,0,0,0,2
AET0064,0,0,0,0,0,0,0,0,0,0,1
AET0058,0,0,0,0,0,0,0,0,0,1,0
AET0018,1,1,1,1,1,1,1,0,0,0,0
AET0103,0,1,0,0,0,0,0,0,0,1,1
AET0394,2,2,2,2,2,2,2,0,0,1,1
AET0416,0,1,0,0,0,0,0,0,0,1,1
AET0011,0,0,0,0,0,0,0,0,0,0,1
AET0023,0,1,0,0,0,0,0,0,0,0,2
AET0047,2,2,2,2,2,2,2,0,0,0,2
AET0109,1,2,1,1,1,1,1,0,0,2,0
AET0050,1,1,1,1,1,1,1,0,0,1,1
AET0393,0,0,0,0,0,0,0,0,0,1,1
AET0106,0,0,0,0,0,0,0,0,0,2,0
AET0061,0,0,0,0,0,0,0,0,0,0,2
AET0096,0,0,0,0,0,0,0,0,0,2,0
AET0028,0,0,0,0,0,0,0,0,0,2,0
AET0089,0,0,0,0,0,0,0,0,0,2,0
AET0008,2,2,2,2,2,2,2,0,0,0,2
AET0043,0,0,0,0,0,0,0,0,0,0,2
AET0083,0,0,0,0,0,0,0,0,0,1,1
AET0042,1,1,1,1,1,1,1,0,0,1,1
AET0035,0,0,0,0,0,0,0,0,0,1,1
AET0024,0,0,0,0,0,0,0,0,0,2,0
AET0113,0,1,0,0,0,0,0,0,0,1,1
AET0093,0,0,0,0,0,0,0,0,0,1,1
AET0396,0,0,0,0,0,0,0,0,0,1,1
AET0021,1,1,1,1,1,1,1,0,0,2,0
AET0071,0,0,0,0,0,0,0,0,0,1,1
AET0138,0,1,0,0,0,0,0,0,0,0,2
AET0111,0,0,0,0,0,0,0,0,0,0,2
AET0390,0,0,0,0,0,0,0,0,0,1,1
