,rs7069923,rs10764520,rs7076247,rs7900405,rs984206,rs4129877,rs4545438,rs11014446,rs7073796,rs7097315,rs10878226,rs1491942,rs11175645,rs11175655,rs11175658,rs74324737,rs11175666,rs28903073,rs34637584
AET0044,0,1,1,1,1,1,1,1,1,1,0,0,0,0,0,0,0,0,0
AET0380,1,1,1,1,1,1,0,1,1,1,0,0,0,0,0,0,0,0,0
AET0027,1,0,0,0,0,0,0,0,0,0,1,1,1,1,1,1,1,0,0
AET0049,1,2,2,1,2,1,1,2,2,1,0,0,0,0,0,0,0,0,0
AET0006,0,1,1,1,1,1,1,1,1,1,1,1,1,1,1,1,1,0,0
AET0065,1,2,2,2,1,2,2,2,2,2,0,0,0,0,0,0,0,0,0
AET0374,2,0,0,0,0,0,0,0,0,0,0,0,0,0,0,0,0,0,0
AET0002,0,1,1,1,1,1,1,1,1,1,0,0,0,0,0,0,0,0,0
AET0110,1,1,1,1,1,1,1,1,1,1,0,0,0,0,0,0,0,0,0
AET0372,1,1,1,1,1,1,0,1,1,1,0,1,0,0,0,0,0,0,0
AET0036,1,1,1,1,1,1,1,1,1,1,0,0,0,0,0,0,0,0,0
AET0004,0,1,1,1,1,1,0,1,1,1,1,1,1,1,1,1,1,0,0
AET0070,0,2,2,2,2,2,1,2,2,2,0,0,0,0,0,0,0,0,0
AET0031,1,0,0,0,0,0,0,0,0,0,1,1,1,1,1,1,1,0,0
AET0076,0,2,2,2,2,2,0,2,2,2,0,0,0,0,0,0,0,0,0
AET0078,1,1,1,1,1,1,0,1,1,1,0,0,0,0,0,0,0,0,0
AET0068,2,1,1,1,1,1,1,1,1,1,0,0,0,0,0,0,0,0,0
AET0056,1,1,1,1,0,1,1,1,1,1,0,0,0,0,0,0,0,0,0
AET0055,1,1,1,0,0,0,0,0,0,0,0,0,0,0,0,0,0,0,0
AET0404,2,2,2,2,2,2,0,2,2,2,0,0,0,0,0,0,0,0,0
AET0073,1,1,1,1,1,1,1,1,1,1,1,2,1,1,1,1,1,0,0
AET0075,0,1,1,1,1,1,1,1,1,1,1,1,1,1,1,1,1,0,0
AET0085,1,2,2,2,2,2,1,2,2,2,0,0,0,0,0,0,0,0,0
AET0041,0,2,2,2,2,2,1,2,2,2,0,0,0,0,0,0,0,0,0
AET0025,0,2,2,2,2,2,1,2,2,2,0,0,0,0,0,0,0,0,0
AET0099,2,0,0,0,0,0,0,0,0,0,0,1,0,0,0,0,0,0,0
AET0377,0,2,2,2,2,2,1,2,2,2,0,0,0,0,0,0,0,0,0
AET0045,0,2,2,2,2,2,0,2,2,2,0,1,0,0,0,0,0,0,0
AET0080,0,1,1,1,1,1,0,1,1,1,0,0,0,0,0,0,0,0,0
AET0097,1,2,2,2,1,2,1,2,2,2,0,1,0,0,0,0,0,0,0
AET0090,0,1,1,1,1,1,1,1,1,1,0,0,0,0,0,0,0,0,0
AET0001,0,2,2,2,2,2,1,2,2,2,1,1,1,1,1,1,1,0,0
AET0066,2,1,1,1,1,1,1,1,1,1,0,0,0,0,0,0,0,0,0
AET0062,0,1,1,1,1,1,1,1,1,1,0,1,0,0,0,0,0,0,0
AET0052,0,1,1,1,1,1,1,1,1,1,0,0,0,0,0,0,0,0,0
AET0087,1,1,1,1,1,1,1,1,1,1,0,0,0,0,0,0,0,0,0
AET0022,1,2,2,2,1,2,2,2,2,2,0,0,0,0,0,0,0,0,0
AET0121,1,0,0,0,0,0,0,0,0,0,0,0,0,0,0,0,0,0,0
AET0039,1,2,2,2,2,2,1,2,2,2,0,1,0,0,0,0,0,0,0
AET0415,0,1,1,1,1,1,0,1,1,1,0,0,0,0,0,0,0,0,0
AET0046,1,1,1,1,1,1,0,1,1,1,0,0,0,0,0,0,0,0,0
AET0048,0,2,2,2,2,2,0,2,2,2,0,0,0,0,0,0,0,0,0
AET0051,0,1,1,1,1,1,1,1,1,1,0,0,0,0,0,0,0,0,0
AET0034,0,2,2,2,2,2,2,2,2,2,0,0,0,0,0,0,0,0,0
AET0016,2,1,1,1,0,1,1,1,1,1,0,0,0,0,0,0,0,0,0
AET0077,1,2,2,2,1,2,2,2,2,2,0,0,0,0,0,0,0,0,0
AET0015,1,2,2,2,2,2,2,2,2,2,0,0,0,0,0,0,0,0,0
AET0032,0,1,1,1,1,1,1,1,1,1,0,0,0,0,0,0,0,0,0
AET0418,0,2,2,2,2,2,1,2,2,2,0,0,0,0,0,0,0,0,0
AET0104,0,1,1,1,1,1,0,1,1,1,0,0,0,0,0,0,0,0,0
AET0397,0,2,2,2,2,2,2,2,2,2,1,1,1,1,1,1,1,0,0
AET0137,1,1,1,1,1,1,1,1,1,1,0,0,0,0,0,0,0,0,0
AET0123,1,1,1,1,1,1,1,1,1,1,0,0,0,0,0,0,0,0,0
AET0081,2,1,1,1,0,1,1,1,1,1,0,0,0,0,0,0,0,0,0
AET0107,1,1,1,1,1,1,0,1,1,1,0,0,0,0,0,0,0,0,0
AET0373,0,1,1,1,1,1,0,1,1,1,0,0,0,0,0,0,0,0,0
AET0017,1,0,0,0,0,0,0,0,0,0,0,0,0,0,0,0,0,0,0
AET0114,0,1,1,1,1,1,1,1,1,1,0,0,0,0,0,0,0,0,0
AET0003,2,0,0,0,0,0,0,0,0,0,0,0,0,0,0,0,0,0,0
AET0014,1,1,1,1,1,1,1,1,1,1,0,0,0,0,0,0,0,0,0
AET0074,1,0,0,0,0,0,0,0,0,0,0,0,0,0,0,0,0,0,0
AET0387,2,0,0,0,0,0,0,0,0,0,0,1,0,0,0,0,0,0,0
AET0088,1,1,1,1,1,1,1,1,1,1,0,0,0,0,0,0,0,0,0
AET0115,1,1,1,1,1,1,0,1,1,1,0,0,0,0,0,0,0,0,0
AET0033,1,0,0,0,0,0,0,0,0,0,0,0,0,0,0,0,0,0,0
AET0420,2,2,2,2,2,2,2,2,2,2,0,0,0,0,0,0,0,0,0
AET0030,1,0,0,0,0,0,0,0,0,0,0,0,0,0,0,0,0,0,0
AET0100,0,2,2,2,2,2,0,2,2,2,1,1,1,1,1,1,1,0,0
AET0026,1,1,1,1,1,1,0,1,1,1,0,1,0,0,0,0,0,0,0
AET0029,0,2,2,2,2,2,0,2,2,2,1,1,1,1,1,1,1,0,0
AET0057,1,2,2,2,1,2,1,2,2,2,0,0,0,0,0,0,0,0,0
AET0371,0,1,1,1,1,1,0,1,1,1,0,0,0,0,0,0,0,0,0
AET0122,2,2,2,2,2,2,1,2,2,2,1,1,1,1,1,1,1,0,0
AET0084,1,1,1,1,1,1,0,1,1,1,0,0,0,0,0,0,0,1,1
AET0092,1,0,0,0,0,0,0,0,0,0,0,0,0,0,0,0,0,0,0
AET0064,0,0,0,0,0,0,0,0,0,0,0,0,0,0,0,0,0,0,0
AET0058,2,0,0,0,0,0,0,0,0,2,0,0,0,0,0,0,0,0,0
AET0018,0,2,2,2,2,2,2,2,2,2,1,1,1,1,1,1,1,0,0
AET0103,0,0,0,0,0,0,0,0,0,0,0,1,0,0,0,0,0,0,0
AET0394,1,2,2,2,1,2,2,2,2,2,2,2,2,2,2,2,2,0,0
AET0416,1,1,1,1,1,1,0,1,1,1,0,1,0,0,0,0,0,0,0
AET0011,1,1,1,1,1,1,1,1,1,1,0,0,0,0,0,0,0,0,0
AET0023,0,0,0,0,0,0,0,0,0,0,0,1,0,0,0,0,0,0,0
AET0047,1,1,1,0,1,0,0,1,1,0,2,2,2,2,2,2,2,0,0
AET0109,1,0,0,0,0,0,0,0,0,0,1,2,1,1,1,1,1,0,0
AET0050,2,1,1,1,0,1,1,1,1,1,1,1,1,1,1,1,1,0,0
AET0393,0,2,2,2,2,2,1,2,2,2,0,0,0,0,0,0,0,0,0
AET0106,1,1,1,1,1,1,1,1,1,1,0,0,0,0,0,0,0,0,0
AET0061,0,2,2,2,2,2,1,2,2,2,0,0,0,0,0,0,0,0,0
AET0096,1,1,1,1,1,1,0,1,1,1,0,0,0,0,0,0,0,0,0
AET0028,2,0,0,0,0,0,0,0,0,0,0,0,0,0,0,0,0,0,0
AET0089,1,1,1,1,1,1,1,1,1,1,0,0,0,0,0,0,0,0,0
AET0008,1,0,0,0,0,0,0,0,0,0,2,2,2,2,2,2,2,0,0
AET0043,1,0,0,0,0,0,0,0,0,0,0,0,0,0,0,0,0,0,0
AET0083,0,1,1,1,1,1,1,1,1,1,0,0,0,0,0,0,0,0,0
AET0042,1,2,2,2,2,2,0,2,2,2,1,1,1,1,1,1,1,0,0
AET0035,1,1,1,1,1,1,0,1,1,1,0,0,0,0,0,0,0,0,0
AET0024,1,1,1,1,1,1,1,1,1,1,0,0,0,0,0,0,0,0,0
AET0113,1,2,2,2,1,2,2,2,2,2,0,1,0,0,0,0,0,0,0
AET0093,0,2,2,2,2,2,0,2,2,2,0,0,0,0,0,0,0,0,0
AET0396,0,2,2,2,2,2,1,2,2,2,0,0,0,0,0,0,0,0,0
AET0021,0,0,0,0,0,0,0,0,0,0,1,1,1,1,1,1,1,0,0
AET0071,1,2,2,2,1,2,2,2,2,2,0,0,0,0,0,0,0,0,0
AET0138,0,2,2,2,2,2,1,2,2,2,0,1,0,0,0,0,0,0,0
AET0111,1,2,2,2,2,2,1,2,2,2,0,0,0,0,0,0,0,0,0
AET0390,0,2,2,2,2,2,0,2,2,2,0,0,0,0,0,0,0,0,0
