,rs356166,rs35541731,rs10033209,rs12648141,rs3775422,rs7684318,rs356205,rs3775423,rs356204,rs7661330,rs3822086,rs3775424,rs356203,rs356202,rs3857057,rs356200,rs4088093,rs189596,rs4088094,rs28412513,rs2736991,rs3857058,rs356167,rs28393675,rs356168,rs3756054,rs3857059,rs11097231,rs28613708,rs2736990,rs2572324,rs356199,rs6826785,rs356198,rs356197,rs356196,rs356195,rs6834765,rs34806123,rs35495602,rs10516845,rs3857061,rs3775427,rs3796661,rs7690873,rs356192,rs356191,rs60031383,rs11944331,rs11931062,rs11935469,rs3899608,rs356189,rs356188,rs356187,rs3775433,rs10025915,rs58054215,rs356163,rs356162,rs7698672,rs184810,rs10433953,rs72503734,rs4031753,rs7655611,rs3775434,rs356184,rs10018362,rs3822089,rs356185,rs3822090,rs356186,rs2737033,rs2737030,rs2737029,rs2572320,rs10014396,rs2583962,rs2737028,rs2572318,rs2737025,rs6532190,rs2583958,rs2737024,rs2583959,rs17016188,rs2619373,rs17016193,rs34164595,rs2583963,rs2583964,rs2197120,rs2619368,rs894278,rs748849,rs1442144,rs1837891,rs2619370,rs2619371,rs17016235,rs2737023,rs2737022,rs2737021,rs2583965,rs2583966,rs2619341,rs35897584,rs2298728,rs2298727,rs2583967,rs2619342,rs34238791,rs2619343,rs2619344,rs2619345,rs2737019,rs6830166,rs2737018,rs6830383,rs2737017,rs2737016,rs2737015,rs3113355,rs2583968,rs2737014,rs2737013,rs2737012,rs2619347,rs2583969,rs2737011,rs2619348,rs2737010,rs2583970,rs2619349,rs2737009,rs2619350,rs2737008,rs2583971,rs2583973,rs2619351,rs2619352,rs1811442,rs2619354,rs2583974,rs2619355,rs2583975,rs1442146,rs1442147,rs1442148,rs1442149,rs2737006,rs33965306,rs13142587,rs2583976,rs2583977,rs2583978,rs2583979,rs2737005,rs2737004,rs2619356,rs2583980,rs986609,rs986610,rs2583981,rs2619358,rs2737003,rs2737002,rs2583982,rs2737001,rs2583983,rs2737000,rs2736999,rs2583984,rs1471484,rs2736998,rs2736997,rs2736996,rs990085,rs2619359,rs990086,rs990087,rs990088,rs1372516,rs2583985,rs2619360,rs2028535,rs1372518,rs1372519,rs1372520,rs10878226,rs1491942,rs11175645,rs11175655,rs11175658,rs74324737,rs11175666,rs28903073,rs34637584
AET0044,2,0,0,0,0,0,2,0,2,0,0,0,2,2,0,2,0,2,0,0,2,0,2,0,2,0,0,2,0,2,2,2,0,0,0,0,2,0,0,0,0,0,0,0,0,2,0,0,0,0,0,0,2,0,2,0,0,0,2,0,0,0,0,0,0,0,0,2,0,0,0,0,2,0,2,0,2,0,2,2,2,2,0,0,0,0,0,0,0,0,2,2,2,2,0,2,2,2,0,0,0,0,0,2,0,0,2,0,0,0,0,0,0,0,0,0,0,0,0,0,0,0,0,2,2,0,0,0,2,0,2,0,2,0,2,0,0,0,0,0,0,0,2,0,0,2,2,0,0,2,0,0,0,0,0,0,2,2,0,0,2,0,0,0,0,0,0,2,0,0,0,0,0,0,2,0,0,0,2,0,0,0,0,0,0,0,0,2,2,2,0,0,0,0,0,0,0,0,0
AET0380,0,0,0,0,0,0,0,0,0,0,0,0,0,0,0,0,0,0,0,0,0,0,0,0,0,0,0,0,0,0,0,0,0,0,0,0,0,0,0,0,0,0,0,0,0,0,0,0,0,0,0,0,0,0,0,0,0,0,0,0,0,0,0,0,0,0,0,0,0,0,2,0,2,2,2,2,2,0,2,2,2,2,0,2,2,2,0,2,0,0,2,2,2,2,0,2,2,2,2,2,0,2,2,2,2,2,2,0,0,0,2,2,0,2,2,2,2,0,2,0,2,2,2,2,2,2,2,2,2,2,2,2,2,2,2,2,2,2,2,2,2,2,2,2,2,2,2,2,2,2,2,2,2,2,2,2,2,2,2,2,2,2,2,2,2,2,2,2,2,2,2,2,2,2,2,2,2,2,2,2,2,2,2,2,2,2,2,2,2,2,0,0,0,0,0,0,0,0,0
AET0027,2,0,0,0,0,0,2,0,2,0,0,0,2,2,0,2,0,2,0,0,2,0,2,0,2,0,0,2,0,2,2,2,0,1,1,1,2,0,0,0,0,0,0,0,0,2,1,0,0,0,0,0,2,1,2,0,0,0,2,1,0,1,0,0,0,0,0,2,0,0,0,0,1,0,1,0,1,0,1,1,1,1,0,0,0,0,0,0,0,0,1,1,1,1,0,1,1,1,0,0,0,0,0,1,0,0,1,0,0,0,0,0,0,0,0,0,0,0,0,0,0,0,0,1,1,0,0,0,1,0,1,0,1,0,1,0,0,0,0,0,0,0,1,0,0,1,1,0,0,1,0,0,0,0,0,0,1,1,0,0,1,0,0,0,0,0,0,1,0,0,0,0,0,0,1,0,0,0,1,0,0,0,0,0,0,0,0,1,1,1,1,1,1,1,1,1,1,0,0
AET0049,2,1,1,1,1,1,2,1,1,1,1,1,1,2,1,1,1,1,1,1,2,1,2,1,1,1,1,2,1,1,2,2,1,1,1,1,2,1,1,1,1,1,1,1,1,2,1,1,1,1,1,1,2,0,2,1,1,1,2,1,1,1,1,1,1,1,1,2,1,1,0,1,2,0,1,1,2,1,1,1,1,1,0,0,0,0,0,0,0,0,1,1,1,1,0,1,1,1,0,0,0,0,0,1,0,0,1,0,0,0,0,0,0,0,0,0,0,1,0,0,0,0,0,1,1,0,0,0,1,0,2,0,2,0,1,0,0,0,0,0,0,0,1,0,0,1,2,0,0,1,0,0,0,0,0,0,1,1,0,0,1,0,0,0,0,0,0,1,0,0,0,0,0,0,1,0,0,0,1,0,0,0,0,0,0,0,0,1,1,1,0,0,0,0,0,0,0,0,0
AET0006,1,0,1,0,1,1,1,1,0,1,1,0,0,1,1,0,1,0,1,1,1,1,1,1,0,1,1,1,1,0,1,1,1,0,0,0,1,1,1,1,1,1,0,0,1,1,0,1,1,1,1,1,1,0,1,1,1,1,1,0,1,0,0,0,1,1,1,1,1,1,1,1,2,1,2,2,2,1,2,2,2,2,1,1,1,1,1,1,1,1,2,2,2,2,1,2,2,2,1,1,1,1,1,2,1,1,2,1,1,1,1,1,1,1,1,1,1,1,1,1,1,1,1,2,2,1,1,1,2,1,2,1,2,1,2,1,1,1,1,1,1,1,2,1,1,2,2,1,1,2,1,1,1,1,1,1,2,2,1,1,2,1,1,1,1,1,1,2,1,1,1,1,1,1,2,1,1,1,2,1,1,1,1,1,1,1,1,2,2,2,1,1,1,1,1,1,1,0,0
AET0065,1,0,0,0,0,0,1,0,1,0,0,0,1,1,0,1,0,1,0,0,1,0,2,0,1,0,0,1,0,1,1,2,0,1,1,1,2,0,0,0,0,0,0,0,0,2,1,0,0,0,0,0,2,1,2,0,0,0,2,1,0,1,0,0,0,0,0,2,0,0,0,0,1,0,1,0,1,0,1,1,1,1,0,0,0,0,0,0,0,0,1,1,1,1,0,1,1,1,0,0,0,0,0,1,0,0,1,0,0,0,0,0,0,0,0,0,0,0,0,0,0,0,0,1,1,0,0,0,1,0,1,0,1,0,1,0,0,0,0,0,0,0,1,0,0,1,1,0,0,1,0,0,0,0,0,0,1,1,0,0,1,0,0,0,0,0,0,1,0,0,0,0,0,0,1,0,0,0,1,0,0,0,0,0,0,0,0,1,1,1,0,0,0,0,0,0,0,0,0
AET0374,1,0,0,0,0,0,1,0,1,0,0,0,1,1,0,1,0,1,0,0,1,0,1,0,1,0,0,1,0,1,1,2,0,1,1,1,2,0,0,0,0,0,0,0,0,2,1,0,0,0,0,0,2,1,2,0,0,0,2,1,0,1,0,0,0,0,0,2,0,0,0,0,1,0,1,0,1,0,1,1,1,1,0,0,0,0,0,0,0,0,1,1,1,1,0,1,1,1,0,0,0,0,0,1,0,0,1,0,0,0,0,0,0,0,0,0,0,0,0,0,0,0,0,1,1,0,0,0,1,0,1,0,1,0,1,0,0,0,0,0,0,0,1,0,0,1,1,0,0,1,0,0,0,0,0,0,1,1,0,0,1,0,0,0,0,0,0,1,0,0,0,0,0,0,1,0,0,0,1,0,0,0,0,0,0,0,0,1,1,1,0,0,0,0,0,0,0,0,0
AET0002,1,0,0,0,0,0,1,0,1,0,0,0,1,1,0,1,0,1,0,0,1,0,1,0,1,0,0,1,0,1,1,1,0,0,0,0,1,0,0,0,0,0,0,0,0,1,0,0,0,0,0,0,1,0,1,0,0,0,1,0,0,0,0,0,0,0,0,1,0,0,1,0,2,1,2,1,2,0,2,2,2,2,0,1,1,1,0,1,0,0,2,2,2,2,0,2,2,2,1,1,0,1,1,2,1,1,2,0,0,0,1,1,0,1,1,1,1,0,1,0,1,1,1,2,2,1,1,1,2,1,2,1,2,1,2,1,1,1,1,1,1,1,2,1,1,2,2,1,1,2,1,1,1,1,1,1,2,2,1,1,2,1,1,1,1,1,1,2,1,1,1,1,1,1,2,1,1,1,2,1,1,1,1,1,1,1,1,2,2,2,0,0,0,0,0,0,0,0,0
AET0110,2,0,0,0,0,0,2,0,2,0,0,0,2,2,0,2,0,2,0,0,2,0,2,0,2,0,0,2,0,2,2,2,0,1,1,1,2,0,0,0,0,0,0,0,0,2,1,0,0,0,0,0,2,1,2,0,0,0,2,1,0,1,0,0,0,0,0,2,0,0,0,0,1,0,1,0,1,0,1,1,1,1,0,0,0,0,0,0,0,0,1,1,1,1,0,1,1,1,0,0,0,0,0,1,0,0,1,0,0,0,0,0,0,0,0,0,0,0,0,0,0,0,0,1,1,0,0,0,1,0,1,0,1,0,1,0,0,0,0,0,0,0,1,0,0,1,1,0,0,1,0,0,0,0,0,0,1,1,0,0,1,0,0,0,0,0,0,1,0,0,0,0,0,0,1,0,0,0,1,0,0,0,0,0,0,0,0,1,1,1,0,0,0,0,0,0,0,0,0
AET0372,2,1,1,1,1,1,2,1,1,1,1,1,1,2,1,1,1,1,1,1,2,1,2,1,1,1,1,2,1,1,2,2,1,0,0,0,2,1,1,1,1,1,1,1,1,2,0,1,1,1,1,1,2,0,2,1,1,1,2,0,1,0,1,1,1,1,1,2,1,1,0,1,2,0,2,1,2,1,2,2,2,2,0,0,0,0,0,0,0,0,2,2,2,2,0,2,2,2,0,0,0,0,0,2,0,0,2,0,0,0,0,0,0,0,0,0,0,1,0,0,0,0,0,2,2,0,0,0,2,0,2,0,2,0,2,0,0,0,0,0,0,0,2,0,0,2,2,0,0,2,0,0,0,0,0,0,2,2,0,0,2,0,0,0,0,0,0,2,0,0,0,0,0,0,2,0,0,0,2,0,0,0,0,0,0,0,0,2,2,2,0,1,0,0,0,0,0,0,0
AET0036,1,0,0,0,0,0,1,0,1,0,0,0,1,1,0,1,0,1,0,0,1,0,1,0,1,0,0,1,0,1,1,2,0,1,1,1,2,0,0,0,0,0,0,0,0,2,1,0,0,0,0,0,2,1,2,0,0,0,2,1,0,1,0,0,0,0,0,2,0,0,0,0,1,0,1,0,1,0,1,1,1,1,0,0,0,0,0,0,0,0,1,1,1,1,0,1,1,1,0,0,0,0,0,1,0,0,1,0,0,0,0,0,0,0,0,0,0,0,0,0,0,0,0,1,1,0,0,0,1,0,1,0,1,0,1,0,0,0,0,0,0,0,1,0,0,1,1,0,0,1,0,0,0,0,0,0,1,1,0,0,1,0,0,0,0,0,0,1,0,0,0,0,0,0,1,0,0,0,1,0,0,0,0,0,0,0,0,1,1,1,0,0,0,0,0,0,0,0,0
AET0004,1,0,0,0,0,0,1,0,0,0,0,0,1,1,0,0,0,0,0,0,1,0,1,0,0,0,0,1,0,0,1,1,0,0,0,0,1,0,0,0,0,0,0,0,0,1,0,0,0,0,0,0,1,0,1,0,0,0,1,0,0,0,0,0,0,0,1,1,1,1,1,1,2,1,2,2,2,1,2,2,2,2,0,1,1,1,0,1,0,0,2,2,2,2,0,2,2,2,1,1,0,1,1,2,1,1,2,0,0,0,1,1,0,1,1,1,1,1,1,0,1,1,1,2,2,1,1,1,2,1,2,1,2,1,2,1,1,1,1,1,1,1,2,1,1,2,2,1,1,2,1,1,1,1,1,1,2,2,1,1,2,1,1,1,1,1,1,2,1,1,1,1,1,1,2,1,1,1,2,1,1,1,1,1,1,1,1,2,2,2,1,1,1,1,1,1,1,0,0
AET0070,2,0,0,0,0,0,2,0,2,0,0,0,2,2,0,2,0,2,0,0,2,0,2,0,2,0,0,2,0,2,2,2,0,2,2,2,2,0,0,0,0,0,0,0,0,2,2,0,0,0,0,0,2,2,2,0,0,0,2,2,0,2,0,0,0,0,0,2,0,0,0,0,0,0,0,0,0,0,0,0,0,0,0,0,0,0,0,0,0,0,0,0,0,0,0,0,0,0,0,0,0,0,0,0,0,0,0,0,0,0,0,0,0,0,0,0,0,0,0,0,0,0,0,0,0,0,0,0,0,0,0,0,0,0,0,0,0,0,0,0,0,0,0,0,0,0,0,0,0,0,0,0,0,0,0,0,0,0,0,0,0,0,0,0,0,0,0,0,0,0,0,0,0,0,0,0,0,0,0,0,0,0,0,0,0,0,0,0,0,0,0,0,0,0,0,0,0,0,0
AET0031,1,0,0,0,0,0,1,0,0,0,0,0,1,1,0,0,0,0,0,0,1,0,1,0,0,0,0,1,0,0,1,2,0,1,1,1,2,0,0,0,0,0,0,0,0,2,2,0,0,0,0,0,2,2,2,0,0,0,2,2,0,2,0,0,0,0,0,2,0,0,0,0,0,0,0,0,0,0,0,0,0,0,0,0,0,0,0,0,0,0,0,0,0,0,0,0,0,0,0,0,0,0,0,0,0,0,0,0,0,0,0,0,0,0,0,0,0,0,0,0,0,0,0,0,0,0,0,0,0,0,0,0,0,0,0,0,0,0,0,0,0,0,0,0,0,0,0,0,0,0,0,0,0,0,0,0,0,0,0,0,0,0,0,0,0,0,0,0,0,0,0,0,0,0,0,0,0,0,0,0,0,0,0,0,0,0,0,0,0,0,1,1,1,1,1,1,1,0,0
AET0076,1,1,1,1,1,1,1,1,0,1,1,1,0,1,1,0,1,0,1,1,1,1,1,1,0,1,1,1,1,0,1,2,1,1,1,1,2,1,1,1,1,1,1,1,1,2,1,1,1,1,1,1,2,1,2,1,1,1,2,1,1,1,1,1,1,1,1,2,1,1,0,1,1,0,1,1,1,1,1,1,1,1,0,0,0,0,0,0,0,0,1,1,1,1,0,1,1,1,0,0,0,0,0,1,0,0,1,0,0,0,0,0,0,0,0,0,0,1,0,0,0,0,0,1,1,0,0,0,1,0,1,0,1,0,1,0,0,0,0,0,0,0,1,0,0,1,1,0,0,1,0,0,0,0,0,0,1,1,0,0,1,0,0,0,0,0,0,1,0,0,0,0,0,0,1,0,0,0,1,0,0,0,0,0,0,0,0,1,1,1,0,0,0,0,0,0,0,0,0
AET0078,0,0,0,0,0,0,0,0,0,0,0,0,0,0,0,0,0,0,0,0,0,0,0,0,0,0,0,0,0,0,0,0,0,0,0,0,0,0,0,0,0,0,0,0,0,0,0,0,0,0,0,0,0,0,0,0,0,0,0,0,0,0,0,0,0,0,0,0,0,0,2,0,2,2,2,2,2,0,2,2,2,2,0,2,2,2,0,2,0,0,2,2,2,2,0,2,2,2,2,2,0,2,2,2,2,2,2,0,0,0,2,2,0,2,2,2,2,0,2,0,2,2,2,2,2,2,2,2,2,2,2,2,2,2,2,2,2,2,2,2,2,2,2,2,2,2,2,2,2,2,2,2,2,2,2,2,2,2,2,2,2,2,2,2,2,2,2,2,2,2,2,2,2,2,2,2,2,2,2,2,2,2,2,2,2,2,2,2,2,2,0,0,0,0,0,0,0,0,0
AET0068,2,0,0,0,0,0,2,0,1,0,0,0,2,2,0,1,0,1,0,0,2,0,2,0,1,0,0,2,0,1,2,2,0,0,0,0,2,0,0,0,0,0,0,0,0,2,0,0,0,0,0,0,2,0,2,0,0,0,2,0,0,0,0,0,0,0,0,2,0,0,0,0,2,0,2,0,2,0,2,2,2,2,0,0,0,0,0,0,0,0,2,2,2,2,0,2,2,2,0,0,0,0,0,2,0,0,2,0,0,0,0,0,0,0,0,0,0,0,0,0,0,0,0,2,2,0,0,0,2,0,2,0,2,0,2,0,0,0,0,0,0,0,2,0,0,2,2,0,0,2,0,0,0,0,0,0,2,2,0,0,2,0,0,0,0,0,0,2,0,0,0,0,0,0,2,0,0,0,2,0,0,0,0,0,0,0,0,2,2,2,0,0,0,0,0,0,0,0,0
AET0056,1,0,1,0,1,1,1,1,0,1,1,0,0,1,1,0,1,0,1,1,1,1,2,1,0,1,1,1,1,0,1,1,1,0,0,0,1,1,1,1,1,1,0,0,1,1,0,1,1,1,1,1,1,0,1,1,1,1,1,0,1,0,0,0,1,1,1,1,1,1,1,1,2,1,2,2,2,1,2,2,2,2,1,1,1,1,1,1,1,1,2,2,2,2,1,2,2,2,1,1,1,1,1,2,1,1,2,1,1,1,1,1,1,1,1,1,1,1,1,1,1,1,1,2,2,1,1,1,2,1,2,1,2,1,2,1,1,1,1,1,1,1,2,1,1,2,2,1,1,2,1,1,1,1,1,1,2,2,1,1,2,1,1,1,1,1,1,2,1,1,1,1,1,1,2,1,1,1,2,1,1,1,1,1,1,1,1,2,2,2,0,0,0,0,0,0,0,0,0
AET0055,0,0,0,0,0,0,0,0,0,0,0,0,0,0,0,0,0,0,0,0,0,0,0,0,0,0,0,0,0,0,0,1,0,1,1,1,1,0,0,0,0,0,0,0,0,1,1,0,0,0,0,0,1,1,1,0,0,0,1,1,0,1,0,0,0,0,0,1,0,0,1,0,1,1,1,1,1,0,1,1,1,1,0,1,1,1,0,1,0,0,1,1,1,1,0,1,1,1,1,1,0,1,1,1,1,1,1,0,0,0,1,1,0,1,1,1,1,0,1,0,1,1,1,1,1,1,1,1,1,1,1,1,1,1,1,1,1,1,1,1,1,1,1,1,1,1,1,1,1,1,1,1,1,1,1,1,1,1,1,1,1,1,1,1,1,1,1,1,1,1,1,1,1,1,1,1,1,1,1,1,1,1,1,1,1,1,1,1,1,1,0,0,0,0,0,0,0,0,0
AET0404,1,0,0,0,0,0,1,0,1,0,0,0,1,1,0,1,0,1,0,0,1,0,2,0,1,0,0,1,0,1,1,1,0,0,0,0,1,0,0,0,0,0,0,0,0,1,0,0,0,0,0,0,1,0,1,0,0,0,1,0,0,0,0,0,0,0,0,1,0,0,1,0,2,1,2,1,2,0,2,2,2,2,0,1,1,1,0,1,0,0,2,2,2,2,0,2,2,2,1,1,0,1,1,2,1,1,2,0,0,0,1,1,0,1,1,1,1,0,1,0,1,1,1,2,2,1,1,1,2,1,2,1,2,1,2,1,1,1,1,1,1,1,2,1,1,2,2,1,1,2,1,1,1,1,1,1,2,2,1,1,2,1,1,1,1,1,1,2,1,1,1,1,1,1,2,1,1,1,2,1,1,1,1,1,1,1,1,2,2,2,0,0,0,0,0,0,0,0,0
AET0073,1,0,0,0,0,0,1,0,0,0,0,0,1,1,0,0,0,0,0,0,1,0,1,0,0,0,0,1,0,0,1,1,0,0,0,0,1,0,0,0,0,0,0,0,0,1,0,0,0,0,0,0,1,0,1,0,0,0,1,0,0,0,0,0,0,0,1,1,1,1,1,1,2,1,2,2,2,1,2,2,2,2,0,1,1,1,0,1,0,0,2,2,2,2,0,2,2,2,1,1,0,1,1,2,1,1,2,0,0,0,1,1,0,1,1,1,1,1,1,0,1,1,1,2,2,1,1,1,2,1,2,1,2,1,2,1,1,1,1,1,1,1,2,1,1,2,2,1,1,2,1,1,1,1,1,1,2,2,1,1,2,1,1,1,1,1,1,2,1,1,1,1,1,1,2,1,1,1,2,1,1,1,1,1,1,1,1,2,2,2,1,2,1,1,1,1,1,0,0
AET0075,1,0,0,0,0,0,1,0,1,0,0,0,1,1,0,1,0,1,0,0,1,0,1,0,1,0,0,1,0,1,1,1,0,0,0,0,1,0,0,0,0,0,0,0,0,1,0,0,0,0,0,0,1,0,1,0,0,0,1,0,0,0,0,0,0,0,0,1,0,0,1,0,2,1,2,1,2,0,2,2,2,2,0,1,1,1,0,1,0,0,2,2,2,2,0,2,2,2,1,1,0,1,1,2,1,1,2,0,0,0,1,1,0,1,2,1,1,0,1,0,1,1,1,2,2,1,1,1,2,1,2,1,2,1,2,1,1,1,1,1,1,1,2,1,1,2,2,1,1,2,1,1,1,1,1,1,2,2,1,1,2,1,1,1,1,1,1,2,1,1,1,1,1,1,2,1,1,1,2,1,1,1,1,1,1,1,1,2,2,2,1,1,1,1,1,1,1,0,0
AET0085,0,0,0,0,0,0,0,0,0,0,0,0,0,0,0,0,0,0,0,0,0,0,0,0,0,0,0,0,0,0,0,0,0,0,0,0,0,0,0,0,0,0,0,0,0,1,1,0,0,0,0,0,1,1,1,0,0,0,1,1,0,1,0,0,0,0,0,1,0,0,1,0,1,1,1,1,1,0,1,1,1,1,0,1,1,1,0,1,0,0,1,1,1,1,0,1,1,1,1,1,0,1,1,1,1,1,1,0,0,0,1,1,0,1,1,1,1,0,1,0,1,1,1,1,1,1,1,1,1,1,1,1,1,1,1,1,1,1,1,1,1,1,1,1,1,1,1,1,1,1,1,1,1,1,1,1,1,1,1,1,1,1,1,1,1,1,1,1,1,1,1,1,1,1,1,1,1,1,1,1,1,1,1,1,1,1,1,1,1,1,0,0,0,0,0,0,0,0,0
AET0041,1,0,0,0,0,0,1,0,1,0,0,0,1,1,0,1,0,1,0,0,1,0,1,0,1,0,0,1,0,1,1,2,0,1,1,1,2,0,0,0,0,0,0,0,0,2,1,0,0,0,0,0,2,1,2,0,0,0,2,1,0,1,0,0,0,0,0,2,0,0,0,0,1,0,1,0,1,0,1,1,1,1,0,0,0,0,0,0,0,0,1,1,1,1,0,1,1,1,0,0,0,0,0,1,0,0,1,0,0,0,0,0,0,0,0,0,0,0,0,0,0,0,0,1,1,0,0,0,1,0,1,0,1,0,1,0,0,0,0,0,0,0,1,0,0,1,1,0,0,1,0,0,0,0,0,0,1,1,0,0,1,0,0,0,0,0,0,1,0,0,0,0,0,0,1,0,0,0,1,0,0,0,0,0,0,0,0,1,1,1,0,0,0,0,0,0,0,0,0
AET0025,0,0,0,0,0,0,0,0,0,0,0,0,0,0,0,0,0,0,0,0,0,0,1,0,0,0,0,0,0,0,0,0,0,0,0,0,0,0,0,0,0,0,0,0,0,0,0,0,0,0,0,0,0,0,0,0,0,0,0,0,0,0,0,0,0,0,0,0,0,0,2,0,2,2,2,2,2,0,2,2,2,2,0,2,2,2,0,2,0,0,2,2,2,2,0,2,2,2,2,2,0,2,2,2,2,2,2,0,0,0,2,2,0,2,2,2,2,0,1,0,2,2,2,2,2,2,2,2,2,2,2,2,2,2,2,2,2,2,2,2,2,2,2,2,2,2,2,2,2,2,2,2,2,2,2,2,2,2,2,2,2,2,2,2,2,2,2,2,2,2,2,2,2,2,2,2,2,2,2,2,2,2,2,2,2,2,2,2,2,2,0,0,0,0,0,0,0,0,0
AET0099,2,0,0,0,0,0,2,0,2,0,0,0,2,2,0,2,0,2,0,0,2,0,2,0,2,0,0,2,0,2,2,2,0,1,1,1,2,0,0,0,0,0,0,0,0,2,1,0,0,0,0,0,2,1,2,0,0,0,2,1,0,1,0,0,0,0,0,2,0,0,0,0,1,0,1,0,1,0,1,1,1,1,0,0,0,0,0,0,0,0,1,1,1,1,0,1,1,1,0,0,0,0,0,1,0,0,1,0,0,0,0,0,0,0,0,0,0,0,0,0,0,0,0,1,1,0,0,0,1,0,1,0,1,0,1,0,0,0,0,0,0,0,1,0,0,1,1,0,0,1,0,0,0,0,0,0,1,1,0,0,1,0,0,0,0,0,0,1,0,0,0,0,0,0,1,0,0,0,1,0,0,0,0,0,0,0,0,1,1,1,0,1,0,0,0,0,0,0,0
AET0377,2,0,0,0,0,0,2,0,2,0,0,0,2,2,0,2,0,2,0,0,2,0,2,0,2,0,0,2,0,2,2,2,0,1,1,1,2,0,0,0,0,0,0,0,0,2,1,0,0,0,0,0,2,1,2,0,0,0,2,1,0,1,0,0,0,0,0,2,0,0,0,0,1,0,1,0,1,0,1,1,1,1,0,0,0,0,0,0,0,0,1,1,1,1,0,1,1,1,0,0,0,0,0,1,0,0,1,0,0,0,0,0,0,0,1,0,0,0,0,0,0,0,0,1,1,0,0,0,1,0,1,0,1,0,1,0,0,0,0,0,0,0,1,0,0,1,1,0,0,1,0,0,0,0,0,0,1,1,0,0,1,0,0,0,0,0,0,1,0,0,0,0,0,0,1,0,0,0,1,0,0,0,0,0,0,0,0,1,1,1,0,0,0,0,0,0,0,0,0
AET0045,2,0,0,0,0,0,2,0,2,0,0,0,2,2,0,2,0,2,0,0,2,0,2,0,2,0,0,2,0,2,2,2,0,1,1,1,2,0,0,0,0,0,0,0,0,2,1,0,0,0,0,0,2,1,2,0,0,0,2,1,0,1,0,0,0,0,0,2,0,0,0,0,1,0,1,0,1,0,1,1,1,1,0,0,0,0,0,0,0,0,1,1,1,1,0,1,1,1,0,0,0,0,0,1,0,0,1,0,0,0,0,0,0,0,0,0,0,0,0,0,0,0,0,1,1,0,0,0,1,0,1,0,1,0,1,0,0,0,0,0,0,0,1,0,0,1,1,0,0,1,0,0,0,0,0,0,1,1,0,0,1,0,0,0,0,0,0,1,0,0,0,0,0,0,1,0,0,0,1,0,0,0,0,0,0,0,0,1,1,1,0,1,0,0,0,0,0,0,0
AET0080,1,0,0,0,0,0,1,0,1,0,0,0,1,1,0,1,0,1,0,0,1,0,1,0,1,0,0,1,0,1,1,1,0,1,1,1,1,0,0,0,0,0,0,0,0,1,1,0,0,0,0,0,1,1,1,0,0,0,1,1,0,1,0,0,0,0,0,1,0,0,1,0,1,1,1,1,1,0,1,1,1,1,0,1,1,1,0,1,0,0,1,1,1,1,0,1,1,1,1,1,0,1,1,1,1,1,1,0,0,0,1,1,0,1,1,1,1,0,1,0,1,1,1,1,1,1,1,1,1,1,1,1,1,1,1,1,1,1,1,1,1,1,1,1,1,1,1,1,1,1,1,1,1,1,1,1,1,1,1,1,1,1,1,1,1,1,1,1,1,1,1,1,1,1,1,1,1,1,1,1,1,1,1,1,1,1,1,1,1,1,0,0,0,0,0,0,0,0,0
AET0097,2,2,2,1,2,2,2,2,0,2,2,1,0,2,2,0,2,0,2,2,2,2,2,2,0,2,2,2,2,0,2,2,2,0,0,0,2,2,2,2,1,2,1,1,2,2,0,2,2,2,2,2,2,0,2,2,2,1,2,0,2,0,1,1,2,2,2,2,2,2,0,2,2,0,2,2,2,2,2,2,2,2,1,0,0,0,1,0,1,1,2,2,2,2,1,2,2,2,0,0,0,0,0,2,0,0,2,1,1,1,0,0,1,0,0,0,0,2,0,1,0,0,0,2,2,0,0,0,2,0,2,0,2,0,2,0,0,0,0,0,0,0,2,0,0,2,2,0,0,2,0,0,0,0,0,0,2,2,0,0,2,0,0,0,0,0,0,2,0,0,0,0,0,0,2,0,0,0,2,0,0,0,0,0,0,0,0,2,2,2,0,1,0,0,0,0,0,0,0
AET0090,0,0,0,0,0,0,0,0,0,0,0,0,0,0,0,0,0,0,0,0,0,0,0,0,0,0,0,0,0,0,0,1,0,1,1,1,1,0,0,0,0,0,0,0,0,1,1,0,0,0,0,0,1,1,1,0,0,0,1,1,0,1,0,0,0,0,0,1,0,0,1,0,1,1,1,1,1,0,1,1,1,1,0,1,1,1,0,1,0,0,1,1,1,1,0,1,1,1,1,1,0,1,1,1,1,1,1,0,0,0,1,1,0,1,1,1,1,0,1,0,1,1,1,1,1,1,1,1,1,1,1,1,1,1,1,1,1,1,1,1,1,1,1,1,1,1,1,1,1,1,1,1,1,1,1,1,1,1,1,1,1,1,1,1,1,1,1,1,1,1,1,1,1,1,1,1,1,1,1,1,1,1,1,1,1,1,1,1,1,1,0,0,0,0,0,0,0,0,0
AET0001,1,0,0,0,0,0,1,0,0,0,0,0,1,1,0,0,0,0,0,0,1,0,1,0,0,0,0,1,0,0,1,2,0,1,1,1,2,0,0,0,0,0,0,0,0,2,1,0,0,0,0,0,2,1,2,0,0,0,2,1,0,1,0,0,0,0,1,2,1,1,0,1,1,0,1,1,1,1,1,1,1,1,0,0,0,0,0,0,0,0,1,1,1,1,0,1,1,1,0,0,0,0,0,1,0,0,1,0,0,0,0,0,0,0,0,0,0,1,0,0,0,0,0,1,1,0,0,0,1,0,1,0,1,0,1,0,0,0,0,0,0,0,1,0,0,1,1,0,0,1,0,0,0,0,0,0,1,1,0,0,1,0,0,0,0,0,0,1,0,0,0,0,0,0,1,0,0,0,1,0,0,0,0,0,0,0,0,1,1,1,1,1,1,1,1,1,1,0,0
AET0066,2,0,0,0,0,0,2,0,2,0,0,0,2,2,0,2,0,2,0,0,2,0,2,0,2,0,0,2,0,2,2,2,0,0,0,0,2,0,0,0,0,0,0,0,0,2,0,0,0,0,0,0,2,0,2,0,0,0,2,0,0,0,0,0,0,0,0,2,0,0,0,0,2,0,2,0,2,0,2,2,2,2,0,0,0,0,0,0,0,0,2,2,2,2,0,2,2,2,0,0,0,0,0,2,0,0,2,0,0,0,0,0,0,0,0,0,0,0,0,0,0,0,0,2,2,0,0,0,2,0,2,0,2,0,2,0,0,0,0,0,0,0,2,0,0,2,2,0,0,2,0,0,0,0,0,0,2,2,0,0,2,0,0,0,0,0,0,2,0,0,0,0,0,0,2,0,0,0,2,0,0,0,0,0,0,0,0,1,1,1,0,0,0,0,0,0,0,0,0
AET0062,1,0,0,0,0,0,1,0,1,0,0,0,1,1,0,1,0,1,0,0,1,0,2,0,1,0,0,1,0,1,1,1,0,1,1,1,1,0,0,0,0,0,0,0,0,1,1,0,0,0,0,0,1,1,1,0,0,0,1,1,0,1,0,0,0,0,0,1,0,0,1,0,1,1,1,1,1,0,1,1,1,1,0,1,1,1,0,1,0,0,1,1,1,1,0,1,1,1,1,1,0,1,1,1,1,1,1,0,0,0,1,1,0,1,1,1,1,0,1,0,1,1,1,1,1,1,1,1,1,1,1,1,1,1,1,1,1,1,1,1,1,1,1,1,1,1,1,1,1,1,1,1,1,1,1,1,1,1,1,1,1,1,1,1,1,1,1,1,1,1,1,1,1,1,1,1,1,1,1,1,1,1,1,1,1,1,1,1,1,1,0,1,0,0,0,0,0,0,0
AET0052,2,0,0,0,0,0,2,0,1,0,0,0,2,2,0,1,0,1,0,0,2,0,2,0,1,0,0,2,0,1,2,1,0,0,0,0,1,0,0,0,0,0,0,0,0,1,0,0,0,0,0,0,1,0,1,0,0,0,1,0,0,0,0,0,0,0,1,2,1,1,0,1,2,0,2,1,2,1,2,2,2,2,0,0,0,0,0,0,0,0,2,2,2,2,0,2,2,2,0,0,0,0,0,2,0,0,2,0,0,0,0,0,0,0,0,0,0,1,0,0,0,0,0,2,2,0,0,0,2,0,2,0,2,0,2,0,0,0,0,0,0,0,2,0,0,2,2,0,0,2,0,0,0,0,0,0,2,2,0,0,2,0,0,0,0,0,0,2,0,0,0,0,0,0,2,0,0,0,2,0,0,0,0,0,0,0,0,2,2,2,0,0,0,0,0,0,0,0,0
AET0087,1,0,0,0,0,0,1,0,1,0,0,0,1,1,0,1,0,1,0,0,1,0,2,0,1,0,0,1,0,1,1,1,0,0,0,0,1,0,0,0,0,0,0,0,0,1,0,0,0,0,0,0,1,0,1,0,0,0,1,0,0,0,0,0,0,0,0,1,0,0,1,0,2,1,2,1,2,0,2,2,2,2,0,1,1,1,0,1,0,0,2,2,2,2,0,2,2,2,1,1,0,1,1,2,1,1,2,0,0,0,1,1,0,1,1,1,1,0,1,0,1,1,1,2,2,1,1,1,2,1,2,1,2,1,2,1,1,1,1,1,1,1,2,1,1,2,2,1,1,2,1,1,1,1,1,1,2,2,1,1,2,1,1,1,1,1,1,2,1,1,1,1,1,1,2,1,1,1,2,1,1,1,1,1,1,1,1,2,2,2,0,0,0,0,0,0,0,0,0
AET0022,2,0,0,0,0,0,2,0,2,0,0,0,2,2,0,2,0,2,0,0,2,0,2,0,2,0,0,2,0,2,2,2,0,1,1,1,2,0,0,0,0,0,0,0,0,2,1,0,0,0,0,0,2,1,2,0,0,0,2,1,0,1,0,0,0,0,0,2,0,0,0,0,1,0,1,0,1,0,1,1,1,1,0,0,0,0,0,0,0,0,1,1,1,1,0,1,1,1,0,0,0,0,0,1,0,0,1,0,0,0,0,0,0,0,1,0,0,0,0,0,0,0,0,1,1,0,0,0,1,0,1,0,1,0,1,0,0,0,0,0,0,0,1,0,0,1,1,0,0,1,0,0,0,0,0,0,1,1,0,0,1,0,0,0,0,0,0,1,0,0,0,0,0,0,1,0,0,0,1,0,0,0,0,0,0,0,0,1,1,1,0,0,0,0,0,0,0,0,0
AET0121,1,0,0,0,0,0,1,0,1,0,0,0,1,1,0,1,0,1,0,0,1,0,1,0,1,0,0,1,0,1,1,1,0,0,0,0,1,0,0,0,0,0,0,0,0,1,0,0,0,0,0,0,1,0,1,0,0,0,1,0,0,0,0,0,0,0,0,1,0,0,1,0,2,1,2,1,2,0,2,2,2,2,0,1,1,1,0,1,0,0,2,2,2,2,0,2,2,2,1,1,0,1,1,2,1,1,2,0,0,0,1,1,0,1,1,1,1,0,1,0,1,1,1,2,2,1,1,1,2,1,2,1,2,1,2,1,1,1,1,1,1,1,2,1,1,2,2,1,1,2,1,1,1,1,1,1,2,2,1,1,2,1,1,1,1,1,1,2,1,1,1,1,1,1,2,1,1,1,2,1,1,1,1,1,1,1,1,2,2,2,0,0,0,0,0,0,0,0,0
AET0039,2,0,0,0,0,0,2,0,2,0,0,0,2,2,0,2,0,2,0,0,2,0,2,0,2,0,0,2,0,2,2,2,0,1,1,1,2,0,0,0,0,0,0,0,0,2,1,0,0,0,0,0,2,1,2,0,0,0,2,1,0,1,0,0,0,0,0,2,0,0,0,0,1,0,1,0,1,0,1,1,1,1,0,0,0,0,0,0,0,0,1,1,1,1,0,1,1,1,0,0,0,0,0,1,0,0,1,0,0,0,0,0,0,0,0,0,0,0,0,0,0,0,0,1,1,0,0,0,1,0,1,0,1,0,1,0,0,0,0,0,0,0,1,0,0,1,1,0,0,1,0,0,0,0,0,0,1,1,0,0,1,0,0,0,0,0,0,1,0,0,0,0,0,0,1,0,0,0,1,0,0,0,0,0,0,0,0,1,1,1,0,1,0,0,0,0,0,0,0
AET0415,2,0,0,0,0,0,2,0,2,0,0,0,2,2,0,2,0,2,0,0,2,0,2,0,2,0,0,2,0,2,2,2,0,0,0,0,2,0,0,0,0,0,0,0,0,2,0,0,0,0,0,0,2,0,2,0,0,0,2,0,0,0,0,0,0,0,0,2,0,0,0,0,2,0,2,0,2,0,2,2,2,2,0,0,0,0,0,0,0,0,2,2,2,2,0,2,2,2,0,0,0,0,0,2,0,0,2,0,0,0,0,0,0,0,0,0,0,0,0,0,0,0,0,2,2,0,0,0,2,0,2,0,2,0,2,0,0,0,0,0,0,0,2,0,0,2,2,0,0,2,0,0,0,0,0,0,2,2,0,0,2,0,0,0,0,0,0,2,0,0,0,0,0,0,2,0,0,0,2,0,0,0,0,0,0,0,0,2,2,2,0,0,0,0,0,0,0,0,0
AET0046,2,0,0,0,0,0,2,0,2,0,0,0,2,2,0,2,0,2,0,0,2,0,2,0,2,0,0,2,0,2,2,2,0,2,2,2,2,0,0,0,0,0,0,0,0,2,2,0,0,0,0,0,2,2,2,0,0,0,2,2,0,2,0,0,0,0,0,2,0,0,0,0,0,0,0,0,0,0,0,0,0,0,0,0,0,0,0,0,0,0,0,0,0,0,0,0,0,0,0,0,0,0,0,0,0,0,0,0,0,0,0,0,0,0,0,0,0,0,0,0,0,0,0,0,0,0,0,0,0,0,0,0,0,0,0,0,0,0,0,0,0,0,0,0,0,0,0,0,0,0,0,0,0,0,0,0,0,0,0,0,0,0,0,0,0,0,0,0,0,0,0,0,0,0,0,0,0,0,0,0,0,0,0,0,0,0,0,0,0,0,0,0,0,0,0,0,0,0,0
AET0048,2,0,0,0,0,0,2,0,2,0,0,0,2,2,0,2,0,2,0,0,2,0,2,0,2,0,0,2,0,2,2,2,0,0,0,0,2,0,0,0,0,0,0,0,0,2,0,0,0,0,0,0,2,0,2,0,0,0,2,0,0,0,0,0,0,0,0,2,0,0,0,0,2,0,2,0,2,0,2,2,2,2,0,0,0,0,0,0,0,0,2,2,2,2,0,2,2,2,0,0,0,0,0,2,0,0,2,0,0,0,0,0,0,0,0,0,0,0,0,0,0,0,0,2,2,0,0,0,2,0,2,0,2,0,2,0,0,0,0,0,0,0,2,0,0,2,2,0,0,2,0,0,0,0,0,0,2,2,0,0,2,0,0,0,0,0,0,2,0,0,0,0,0,0,2,0,0,0,2,0,0,0,0,0,0,0,0,2,2,2,0,0,0,0,0,0,0,0,0
AET0051,1,0,0,0,0,0,1,0,0,0,0,0,1,1,0,0,0,0,0,0,1,0,1,0,0,0,0,1,0,0,1,2,0,1,1,1,2,0,0,0,0,0,0,0,0,2,1,0,0,0,0,0,2,1,2,0,0,0,2,1,0,1,0,0,0,0,1,2,1,1,0,1,1,0,1,1,1,1,1,1,1,1,0,0,0,0,0,0,0,0,1,1,1,1,0,1,1,1,0,0,0,0,0,1,0,0,1,0,0,0,0,0,0,0,0,0,0,1,0,0,0,0,0,1,1,0,0,0,1,0,1,0,1,0,1,0,0,0,0,0,0,0,1,0,0,1,1,0,0,1,0,0,0,0,0,0,1,1,0,0,1,0,0,0,0,0,0,1,0,0,0,0,0,0,1,0,0,0,1,0,0,0,0,0,0,0,0,1,1,1,0,0,0,0,0,0,0,0,0
AET0034,0,0,0,0,0,0,0,0,0,0,0,0,0,0,0,0,0,0,0,0,0,0,1,0,0,0,0,0,0,0,0,0,0,0,0,0,0,0,0,0,0,0,0,0,0,0,0,0,0,0,0,0,0,0,0,0,0,0,0,0,0,0,0,0,0,0,0,0,0,0,2,0,2,2,2,2,2,0,2,2,2,2,0,2,2,2,0,2,0,0,2,2,2,2,0,2,2,2,2,2,0,2,2,2,2,2,2,0,0,0,2,2,0,2,2,2,2,0,2,0,2,2,2,2,2,2,2,2,2,2,2,2,2,2,2,2,2,2,2,2,2,2,2,2,2,2,2,2,2,2,2,2,2,2,2,2,2,2,2,2,2,2,2,2,2,2,2,2,2,2,2,2,2,2,2,2,2,2,2,2,2,2,2,2,2,2,2,2,2,2,0,0,0,0,0,0,0,0,0
AET0016,1,0,0,0,0,0,1,0,0,0,0,0,1,1,0,0,0,0,0,0,1,0,1,0,0,0,0,1,0,0,1,2,0,1,1,1,2,0,0,0,0,0,0,0,0,2,1,0,0,0,0,0,2,1,2,0,0,0,2,1,0,1,0,0,0,0,0,2,0,0,0,0,1,0,1,0,1,0,1,1,1,1,0,0,0,0,0,0,0,0,1,1,1,1,0,1,1,1,0,0,0,0,0,1,0,0,1,0,0,0,0,0,0,0,0,0,0,0,0,0,0,0,0,1,1,0,0,0,1,0,1,0,1,0,1,0,0,0,0,0,0,0,1,0,0,1,1,0,0,1,0,0,0,0,0,0,1,1,0,0,1,0,0,0,0,0,0,1,0,0,0,0,0,0,1,0,0,0,1,0,0,0,0,0,0,0,0,1,1,1,0,0,0,0,0,0,0,0,0
AET0077,2,0,0,0,0,0,2,0,1,0,0,0,2,2,0,1,0,1,0,0,2,0,2,0,1,0,0,2,0,1,2,2,0,0,0,0,2,0,0,0,0,0,0,0,0,2,0,0,0,0,0,0,2,0,2,0,0,0,2,0,0,0,0,0,0,0,1,2,1,1,0,1,2,0,2,1,2,1,2,2,2,2,0,0,0,0,0,0,0,0,2,2,2,2,0,2,2,2,0,0,0,0,0,2,0,0,2,0,0,0,0,0,0,0,0,0,0,1,0,0,0,0,0,2,2,0,0,0,2,0,2,0,2,0,2,0,0,0,0,0,0,0,2,0,0,2,2,0,0,2,0,0,0,0,0,0,2,2,0,0,2,0,0,0,0,0,0,2,0,0,0,0,0,0,2,0,0,0,2,0,0,0,0,0,0,0,0,2,2,2,0,0,0,0,0,0,0,0,0
AET0015,1,0,0,0,0,0,1,0,1,0,0,0,1,1,0,1,0,1,0,0,1,0,1,0,1,0,0,1,0,1,1,1,0,0,0,0,1,0,0,0,0,0,0,0,0,1,0,0,0,0,0,0,1,0,1,0,0,0,1,0,0,0,0,0,0,0,0,1,0,0,1,0,2,1,2,1,2,0,2,2,2,2,0,1,1,1,0,1,0,0,2,2,2,2,0,2,2,2,1,1,0,1,1,2,1,1,2,0,0,0,1,1,0,1,1,1,1,0,1,0,1,1,1,2,2,1,1,1,2,1,2,1,2,1,2,1,1,1,1,1,1,1,2,1,1,2,2,1,1,2,1,1,1,1,1,1,2,2,1,1,2,1,1,1,1,1,1,2,1,1,1,1,1,1,2,1,1,1,2,1,1,1,1,1,1,1,1,2,2,2,0,0,0,0,0,0,0,0,0
AET0032,0,0,0,0,0,0,0,0,0,0,0,0,0,0,0,0,0,0,0,0,0,0,0,0,0,0,0,0,0,0,0,0,0,0,0,0,0,0,0,0,0,0,0,0,0,0,0,0,0,0,0,0,0,0,0,0,0,0,0,0,0,0,0,0,0,0,0,0,0,0,2,0,2,2,2,2,2,0,2,2,2,2,0,2,2,2,0,2,0,0,2,2,2,2,0,2,2,2,2,2,0,2,2,2,2,2,2,0,0,0,2,2,0,2,2,2,2,0,2,0,2,2,2,2,2,2,2,2,2,2,2,2,2,2,2,2,2,2,2,2,2,2,2,2,2,2,2,2,2,2,2,2,2,2,2,2,2,2,2,2,2,2,2,2,2,2,2,2,2,2,2,2,2,2,2,2,2,2,2,2,2,2,2,2,2,2,2,2,2,2,0,0,0,0,0,0,0,0,0
AET0418,2,0,0,0,0,0,2,0,1,0,0,0,2,2,0,1,0,1,0,0,2,0,2,0,1,0,0,2,0,1,2,2,0,0,0,0,2,0,0,0,0,0,0,0,0,2,1,0,0,0,0,0,2,1,2,0,0,0,2,1,0,1,0,0,0,0,0,2,0,0,0,0,1,0,1,0,1,0,1,1,1,1,0,0,0,0,0,0,0,0,1,1,1,1,0,1,1,1,0,0,0,0,0,1,0,0,1,0,0,0,0,0,0,0,0,0,0,0,0,0,0,0,0,1,1,0,0,0,1,0,1,0,1,0,1,0,0,0,0,0,0,0,1,0,0,1,1,0,0,1,0,0,0,0,0,0,1,1,0,0,1,0,0,0,0,0,0,1,0,0,0,0,0,0,1,0,0,0,1,0,0,0,0,0,0,0,0,1,1,1,0,0,0,0,0,0,0,0,0
AET0104,1,0,0,0,0,0,1,0,1,0,0,0,1,1,0,1,0,1,0,0,1,0,1,0,1,0,0,1,0,1,1,0,0,0,0,0,0,0,0,0,0,0,0,0,0,0,0,0,0,0,0,0,0,0,0,0,0,0,0,0,0,0,0,0,0,0,0,0,0,0,2,0,2,2,2,2,2,0,2,2,2,2,0,2,2,2,0,2,0,0,2,2,2,2,0,2,2,2,2,2,0,2,2,2,2,2,2,0,0,0,2,2,0,2,2,2,2,0,2,0,2,2,2,2,2,2,2,2,2,2,2,2,2,2,2,2,2,2,2,2,2,2,2,2,2,2,2,2,2,2,2,2,2,2,2,2,2,2,2,2,2,2,2,2,2,2,2,2,2,2,2,2,2,2,2,2,2,2,2,2,2,2,2,2,2,2,2,2,2,2,0,0,0,0,0,0,0,0,0
AET0397,1,0,0,0,0,0,1,0,1,0,0,0,1,1,0,1,0,1,0,0,1,0,1,0,1,0,0,1,0,1,1,1,0,0,0,0,1,0,0,0,0,0,0,0,0,1,0,0,0,0,0,0,1,0,1,0,0,0,1,0,0,0,0,0,0,0,0,1,0,0,1,0,2,1,2,1,2,0,2,2,2,2,0,1,1,1,0,1,0,0,2,2,2,2,0,2,2,2,1,1,0,1,1,2,1,1,2,0,0,0,1,1,0,1,1,1,1,0,1,0,1,1,1,2,2,1,1,1,2,1,2,1,2,1,2,1,1,1,1,1,1,1,2,1,1,2,2,1,1,2,1,1,1,1,1,1,2,2,1,1,2,1,1,1,1,1,1,2,1,1,1,1,1,1,2,1,1,1,2,1,1,1,1,1,1,1,1,2,2,2,1,1,1,1,1,1,1,0,0
AET0137,2,0,0,0,0,0,2,0,2,0,0,0,2,2,0,2,0,2,0,0,2,0,2,0,2,0,0,2,0,2,2,2,0,0,0,0,2,0,0,0,0,0,0,0,0,2,0,0,0,0,0,0,2,0,2,0,0,0,2,0,0,0,0,0,0,0,0,2,0,0,0,0,2,0,2,0,2,0,2,2,2,2,0,0,0,0,0,0,0,0,2,2,2,2,0,2,2,2,0,0,0,0,0,2,0,0,2,0,0,0,0,0,0,0,0,0,0,0,0,0,0,0,0,2,2,0,0,0,2,0,2,0,2,0,2,0,0,0,0,0,0,0,2,0,0,2,2,0,0,2,0,0,0,0,0,0,2,2,0,0,2,0,0,0,0,0,0,2,0,0,0,0,0,0,2,0,0,0,2,0,0,0,0,0,0,0,0,2,2,2,0,0,0,0,0,0,0,0,0
AET0123,1,0,0,0,0,0,1,0,1,0,0,0,1,1,0,1,0,1,0,0,1,0,1,0,1,0,0,1,0,1,1,2,0,1,1,1,2,0,0,0,0,0,0,0,0,2,1,0,0,0,0,0,2,1,2,0,0,0,2,1,0,1,0,0,0,0,0,2,0,0,0,0,1,0,1,0,1,0,1,1,1,1,0,0,0,0,0,0,0,0,1,1,1,1,0,1,1,1,0,0,0,0,0,1,0,0,1,0,0,0,0,0,0,0,0,0,0,0,0,0,0,0,0,1,1,0,0,0,1,0,1,0,1,0,1,0,0,0,0,0,0,0,1,0,0,1,1,0,0,1,0,0,0,0,0,0,1,1,0,0,1,0,0,0,0,0,0,1,0,0,0,0,0,0,1,0,0,0,1,0,0,0,0,0,0,0,0,1,1,1,0,0,0,0,0,0,0,0,0
AET0081,1,0,0,0,0,0,1,0,0,0,0,0,1,1,0,0,0,0,0,0,1,0,1,0,0,0,0,1,0,0,1,1,0,0,0,0,1,0,0,0,0,0,0,0,0,1,0,0,0,0,0,0,1,0,1,0,0,0,1,0,0,0,0,0,0,0,1,1,1,1,1,1,2,1,2,2,2,1,2,2,2,2,0,1,1,1,0,1,0,0,2,2,2,2,0,2,2,2,1,1,0,1,1,2,1,1,2,0,0,0,1,1,0,1,1,1,1,1,1,0,1,1,1,2,2,1,1,1,2,1,2,1,2,1,2,1,1,1,1,1,1,1,2,1,1,2,2,1,1,2,1,1,1,1,1,1,2,2,1,1,2,1,1,1,1,1,1,2,1,1,1,1,1,1,2,1,1,1,2,1,1,1,1,1,1,1,1,2,2,2,0,0,0,0,0,0,0,0,0
AET0107,2,1,1,1,1,1,2,1,1,1,1,1,1,2,1,1,1,1,1,1,2,1,2,1,1,1,1,2,1,1,2,2,1,0,0,0,2,1,1,1,1,1,1,1,1,2,0,1,1,1,1,1,2,0,2,1,1,1,2,0,1,0,1,1,1,1,1,2,1,1,0,1,2,0,2,1,2,1,2,2,2,2,0,0,0,0,0,0,0,0,2,2,2,2,0,2,2,2,0,0,0,0,0,2,0,0,2,0,0,0,0,0,0,0,0,0,0,1,0,0,0,0,0,2,2,0,0,0,2,0,2,0,2,0,2,0,0,0,0,0,0,0,2,0,0,2,2,0,0,2,0,0,0,0,0,0,2,2,0,0,2,0,0,0,0,0,0,2,0,0,0,0,0,0,2,0,0,0,2,0,0,0,0,0,0,0,0,2,2,2,0,0,0,0,0,0,0,0,0
AET0373,1,0,0,0,0,0,1,0,1,0,0,0,1,1,0,1,0,1,0,0,1,0,1,0,1,0,0,1,0,1,1,1,0,1,1,1,1,0,0,0,0,0,0,0,0,1,1,0,0,0,0,0,1,1,1,0,0,0,1,1,0,1,0,0,0,0,0,1,0,0,1,0,1,1,1,1,1,0,1,1,1,1,0,1,1,1,0,1,0,0,1,1,1,1,0,1,1,1,1,1,0,1,1,1,1,1,1,0,0,0,1,1,0,1,1,1,1,0,1,0,1,1,1,1,1,1,1,1,1,1,1,1,1,1,1,1,1,1,1,1,1,1,1,1,1,1,1,1,1,1,1,1,1,1,1,1,1,1,1,1,1,1,1,1,1,1,1,1,1,1,1,1,1,1,1,1,1,1,1,1,1,1,1,1,1,1,1,1,1,1,0,0,0,0,0,0,0,0,0
AET0017,2,0,0,0,0,0,2,0,1,0,0,0,2,2,0,1,0,1,0,0,2,0,2,0,1,0,0,2,0,1,2,2,0,1,1,1,2,0,0,0,0,0,0,0,0,2,2,0,0,0,0,0,2,2,2,0,0,0,2,2,0,2,0,0,0,0,0,2,0,0,0,0,0,0,0,0,0,0,0,0,0,0,0,0,0,0,0,0,0,0,0,0,0,0,0,0,0,0,0,0,0,0,0,0,0,0,0,0,0,0,0,0,0,0,0,0,0,0,0,0,0,0,0,0,0,0,0,0,0,0,0,0,0,0,0,0,0,0,0,0,0,0,0,0,0,0,0,0,0,0,0,0,0,0,0,0,0,0,0,0,0,0,0,0,0,0,0,0,0,0,0,0,0,0,0,0,0,0,0,0,0,0,0,0,0,0,0,0,0,0,0,0,0,0,0,0,0,0,0
AET0114,1,0,0,0,0,0,1,0,1,0,0,0,1,1,0,1,0,1,0,0,1,0,1,0,1,0,0,1,0,1,1,2,0,1,1,1,2,0,0,0,0,0,0,0,0,2,1,0,0,0,0,0,2,1,2,0,0,0,2,1,0,1,0,0,0,0,0,2,0,0,0,0,1,0,1,0,1,0,1,1,1,1,0,0,0,0,0,0,0,0,1,1,1,1,0,1,1,1,0,0,0,0,0,1,0,0,1,0,0,0,0,0,0,0,0,0,0,0,0,0,0,0,0,1,1,0,0,0,1,0,1,0,1,0,1,0,0,0,0,0,0,0,1,0,0,1,1,0,0,1,0,0,0,0,0,0,1,1,0,0,1,0,0,0,0,0,0,2,0,0,0,0,0,0,2,0,0,0,2,0,0,0,0,0,0,0,0,2,2,2,0,0,0,0,0,0,0,0,0
AET0003,1,0,0,0,0,0,1,0,0,0,0,0,1,1,0,0,0,0,0,0,1,0,1,0,0,0,0,1,0,0,1,1,0,0,0,0,1,0,0,0,0,0,0,0,0,1,0,0,0,0,0,0,1,0,1,0,0,0,1,0,0,0,0,0,0,0,1,1,1,1,1,1,2,1,2,2,2,1,2,2,2,2,0,1,1,1,0,1,0,0,2,2,2,2,0,2,2,2,1,1,0,1,1,2,1,1,2,0,0,0,1,1,0,1,1,1,1,1,1,0,1,1,1,2,2,1,1,1,2,1,2,1,2,1,2,1,1,1,1,1,1,1,2,1,1,2,2,1,1,2,1,1,1,1,1,1,2,2,1,1,2,1,1,1,1,1,1,2,1,1,1,1,1,1,2,1,1,1,2,1,1,1,1,1,1,1,1,2,2,2,0,0,0,0,0,0,0,0,0
AET0014,2,0,0,0,0,0,2,0,1,0,0,0,2,2,0,1,0,1,0,0,2,0,2,0,1,0,0,2,0,1,2,2,0,0,0,0,2,0,0,0,0,0,0,0,0,2,1,0,0,0,0,0,2,1,2,0,0,0,2,1,0,1,0,0,0,0,0,2,0,0,0,0,1,0,1,0,1,0,1,1,1,1,0,0,0,0,0,0,0,0,1,1,1,1,0,1,1,1,0,0,0,0,0,1,0,0,1,0,0,0,0,0,0,0,0,0,0,0,0,0,0,0,0,1,1,0,0,0,1,0,1,0,1,0,1,0,0,0,0,0,0,0,1,0,0,1,1,0,0,1,0,0,0,0,0,0,1,1,0,0,1,0,0,0,0,0,0,1,0,0,0,0,0,0,1,0,0,0,1,0,0,0,0,0,0,0,0,1,1,1,0,0,0,0,0,0,0,0,0
AET0074,1,0,0,0,0,0,1,0,1,0,0,0,1,1,0,1,0,1,0,0,1,0,1,0,1,0,0,1,0,1,1,1,0,0,0,0,1,0,0,0,0,0,0,0,0,1,0,0,0,0,0,0,1,0,1,0,0,0,1,0,0,0,0,0,0,0,0,1,0,0,1,0,2,1,2,1,2,0,2,2,2,2,0,1,1,1,0,1,0,0,2,2,2,2,0,2,2,2,1,1,0,1,1,2,1,1,2,0,0,0,1,1,0,1,1,1,1,0,1,0,1,1,1,2,2,1,1,1,2,1,2,1,2,1,2,1,1,1,1,1,1,1,2,1,1,2,2,1,1,2,1,1,1,1,1,1,2,2,1,1,2,1,1,1,1,1,1,2,1,1,1,1,1,1,2,1,1,1,2,1,1,1,1,1,1,1,1,2,2,2,0,0,0,0,0,0,0,0,0
AET0387,1,0,0,0,0,0,1,0,1,0,0,0,1,1,0,1,0,1,0,0,1,0,1,0,1,0,0,1,0,1,1,1,0,1,1,1,1,0,0,0,0,0,0,0,0,1,1,0,0,0,0,0,1,1,1,0,0,0,1,1,0,1,0,0,0,0,0,1,0,0,1,0,1,1,1,1,1,0,1,1,1,1,0,1,1,1,0,1,0,0,1,1,1,1,0,1,1,1,1,1,0,1,1,1,1,1,1,0,0,0,1,1,0,1,1,1,1,0,1,0,1,1,1,1,1,1,1,1,1,1,1,1,1,1,1,1,1,1,1,1,1,1,1,1,1,1,1,1,1,1,1,1,1,1,1,1,1,1,1,1,1,1,1,1,1,1,1,1,1,1,1,1,1,1,1,1,1,1,1,1,1,1,1,1,1,1,1,1,1,1,0,1,0,0,0,0,0,0,0
AET0088,2,0,2,0,2,2,2,2,0,2,2,0,0,2,2,0,2,0,2,2,2,2,2,2,0,2,2,2,2,0,2,2,2,0,0,0,2,2,2,2,2,2,0,0,2,2,0,2,2,2,2,2,2,0,2,2,2,2,2,0,2,0,0,0,2,2,2,2,2,2,0,2,2,0,2,2,2,2,2,2,2,2,2,0,0,0,2,0,2,2,2,2,2,2,2,2,2,2,0,0,2,0,0,2,0,0,2,2,2,2,0,0,2,0,0,0,0,2,0,2,0,0,0,2,2,0,0,0,2,0,2,0,2,0,2,0,0,0,0,0,0,0,2,0,0,2,2,0,0,2,0,0,0,0,0,0,2,2,0,0,2,0,0,0,0,0,0,2,0,0,0,0,0,0,2,0,0,0,2,0,0,0,0,0,0,0,0,2,2,2,0,0,0,0,0,0,0,0,0
AET0115,1,0,0,0,0,0,1,0,1,0,0,0,1,1,0,1,0,1,0,0,1,0,1,0,1,0,0,1,0,1,1,2,0,1,1,1,2,0,0,0,0,0,0,0,0,2,1,0,0,0,0,0,2,1,2,0,0,0,2,1,0,1,0,0,0,0,0,2,0,0,0,0,1,0,1,0,1,0,1,1,1,1,0,0,0,0,0,0,0,0,1,1,1,1,0,1,1,1,0,0,0,0,0,1,0,0,1,0,0,0,0,0,0,0,0,0,0,0,0,0,0,0,0,1,1,0,0,0,1,0,1,0,1,0,1,0,0,0,0,0,0,0,1,0,0,1,1,0,0,1,0,0,0,0,0,0,1,1,0,0,1,0,0,0,0,0,0,1,0,0,0,0,0,0,1,0,0,0,1,0,0,0,0,0,0,0,0,1,1,1,0,0,0,0,0,0,0,0,0
AET0033,2,0,0,0,0,0,2,0,2,0,0,0,2,2,0,2,0,2,0,0,2,0,2,0,2,0,0,2,0,2,2,2,0,2,2,2,2,0,0,0,0,0,0,0,0,2,2,0,0,0,0,0,2,2,2,0,0,0,2,2,0,2,0,0,0,0,0,2,0,0,0,0,1,0,0,0,1,0,0,0,0,0,0,0,0,0,0,0,0,0,0,0,0,0,0,0,0,0,0,0,0,0,0,0,0,0,0,0,0,0,0,0,0,0,0,0,0,0,0,0,0,0,0,0,0,0,0,0,0,0,1,0,0,0,0,0,0,0,0,0,0,0,0,0,0,0,1,0,0,0,0,0,0,0,0,0,0,0,0,0,0,0,0,0,0,0,0,0,0,0,0,0,0,0,0,0,0,0,0,0,0,0,0,0,0,0,0,0,0,0,0,0,0,0,0,0,0,0,0
AET0420,2,0,0,0,0,0,2,0,2,0,0,0,2,2,0,2,0,2,0,0,2,0,2,0,2,0,0,2,0,2,2,2,0,0,0,0,2,0,0,0,0,0,0,0,0,2,0,0,0,0,0,0,2,0,2,0,0,0,2,0,0,0,0,0,0,0,0,2,0,0,0,0,2,0,2,0,2,0,2,2,2,2,0,0,0,0,0,0,0,0,2,2,2,2,0,2,2,2,0,0,0,0,0,2,0,0,2,0,0,0,0,0,0,0,0,0,0,0,0,0,0,0,0,2,2,0,0,0,2,0,2,0,2,0,2,0,0,0,0,0,0,0,2,0,0,2,2,0,0,2,0,0,0,0,0,0,2,2,0,0,2,0,0,0,0,0,0,2,0,0,0,0,0,0,2,0,0,0,2,0,0,0,0,0,0,0,0,2,2,2,0,0,0,0,0,0,0,0,0
AET0030,2,0,0,0,0,0,2,0,1,0,0,0,2,2,0,1,0,1,0,0,2,0,2,0,1,0,0,2,0,1,2,1,0,0,0,0,1,0,0,0,0,0,0,0,0,1,0,0,0,0,0,0,1,0,1,0,0,0,1,0,0,0,0,0,0,0,0,1,0,0,1,0,2,1,2,1,2,0,2,2,2,2,0,1,1,1,0,1,0,0,2,2,2,2,0,2,2,2,1,1,0,1,1,2,1,1,2,0,0,0,1,1,0,1,1,1,1,0,1,0,1,1,1,2,2,1,1,1,2,1,2,1,2,1,2,1,1,1,1,1,1,1,2,1,1,2,2,1,1,2,1,1,1,1,1,1,2,2,1,1,2,1,1,1,1,1,1,2,1,1,1,1,1,1,2,1,1,1,2,1,1,1,1,1,1,1,1,2,2,2,0,0,0,0,0,0,0,0,0
AET0100,2,0,1,0,1,1,2,1,1,1,1,0,1,2,1,1,1,1,1,1,2,1,2,1,1,1,1,2,1,1,2,2,1,1,1,1,2,1,1,1,1,1,0,0,1,2,1,1,1,1,1,1,2,1,2,1,1,1,2,1,1,1,0,0,1,1,1,2,1,1,0,1,1,0,1,1,1,1,1,1,1,1,1,0,0,0,1,0,1,1,1,1,1,1,1,1,1,1,0,0,1,0,0,1,0,0,1,1,1,1,0,0,1,0,0,0,0,1,0,1,0,0,0,1,1,0,0,0,1,0,1,0,1,0,1,0,0,0,0,0,0,0,1,0,0,1,1,0,0,1,0,0,0,0,0,0,1,1,0,0,1,0,0,0,0,0,0,1,0,0,0,0,0,0,1,0,0,0,1,0,0,0,0,0,0,0,0,1,1,1,1,1,1,1,1,1,1,0,0
AET0026,0,0,0,0,0,0,0,0,0,0,0,0,0,0,0,0,0,0,0,0,0,0,0,0,0,0,0,0,0,0,0,0,0,0,0,0,0,0,0,0,0,0,0,0,0,0,0,0,0,0,0,0,0,0,0,0,0,0,0,0,0,0,0,0,0,0,0,0,0,0,2,0,2,2,2,2,2,0,2,2,2,2,0,2,2,2,0,2,0,0,2,2,2,2,0,2,2,2,2,2,0,2,2,2,2,2,2,0,0,0,2,2,0,2,2,2,2,0,2,0,2,2,2,2,2,2,2,2,2,2,2,2,2,2,2,2,2,2,2,2,2,2,2,2,2,2,2,2,2,2,2,2,2,2,2,2,2,2,2,2,2,2,2,2,2,2,2,2,2,2,2,2,2,2,2,2,2,2,2,2,2,2,2,2,2,2,2,2,2,2,0,1,0,0,0,0,0,0,0
AET0029,1,0,0,0,0,0,1,0,0,0,0,0,1,1,0,0,0,0,0,0,1,0,1,0,0,0,0,1,0,0,1,1,0,0,0,0,1,0,0,0,0,0,0,0,0,1,1,0,0,0,0,0,1,1,1,0,0,0,1,1,0,1,0,0,0,0,0,1,0,0,1,0,1,1,1,1,1,0,1,1,1,1,0,1,1,1,0,1,0,0,1,1,1,1,0,1,1,1,1,1,0,1,1,1,1,1,1,0,0,0,1,1,0,1,1,1,1,0,1,0,1,1,1,1,1,1,1,1,1,1,1,1,1,1,1,1,1,1,1,1,1,1,1,1,1,1,1,1,1,1,1,1,1,1,1,1,1,1,1,1,1,1,1,1,1,1,1,1,1,1,1,1,1,1,1,1,1,1,1,1,1,1,1,1,1,1,1,1,1,1,1,1,1,1,1,1,1,0,0
AET0057,0,0,0,0,0,0,0,0,0,0,0,0,0,0,0,0,0,0,0,0,0,0,0,0,0,0,0,0,0,0,0,0,0,0,0,0,0,0,0,0,0,0,0,0,0,0,0,0,0,0,0,0,0,0,0,0,0,0,0,0,0,0,0,0,0,0,0,0,0,0,2,0,2,2,2,2,2,0,2,2,2,2,0,2,2,2,0,2,0,0,2,2,2,2,0,2,2,2,2,2,0,2,2,2,2,2,2,0,0,0,2,2,0,2,2,2,2,0,2,0,2,2,2,2,2,2,2,2,2,2,2,2,2,2,2,2,2,2,2,2,2,2,2,2,2,2,2,2,2,2,2,2,2,2,2,2,2,2,2,2,2,2,2,2,2,2,2,2,2,2,2,2,2,2,2,2,2,2,2,2,2,2,2,2,2,2,2,2,2,2,0,0,0,0,0,0,0,0,0
AET0371,2,0,0,0,0,0,2,0,2,0,0,0,2,2,0,2,0,2,0,0,2,0,2,0,2,0,0,2,0,2,2,2,0,1,1,1,2,0,0,0,0,0,0,0,0,2,1,0,0,0,0,0,2,1,2,0,0,0,2,1,0,1,0,0,0,0,0,2,0,0,0,0,1,0,1,0,1,0,1,1,1,1,0,0,0,0,0,0,0,0,1,1,1,1,0,1,1,1,0,0,0,0,0,1,0,0,1,0,0,0,0,0,0,0,0,0,0,0,0,0,0,0,0,1,1,0,0,0,1,0,1,0,1,0,1,0,0,0,0,0,0,0,1,0,0,1,1,0,0,1,0,0,0,0,0,0,1,1,0,0,1,0,0,0,0,0,0,1,0,0,0,0,0,0,1,0,0,0,1,0,0,0,0,0,0,0,0,1,1,1,0,0,0,0,0,0,0,0,0
AET0122,1,0,0,0,0,0,1,0,1,0,0,0,1,1,0,1,0,1,0,0,1,0,1,0,1,0,0,1,0,1,1,2,0,1,1,1,2,0,0,0,0,0,0,0,0,2,1,0,0,0,0,0,2,1,2,0,0,0,2,1,0,1,0,0,0,0,0,2,0,0,0,0,1,0,1,0,1,0,1,1,1,1,0,0,0,0,0,0,0,0,1,1,1,1,0,1,1,1,0,0,0,0,0,1,0,0,1,0,0,0,0,0,0,0,0,0,0,0,0,0,0,0,0,1,1,0,0,0,1,0,1,0,1,0,1,0,0,0,0,0,0,0,1,0,0,1,1,0,0,1,0,0,0,0,0,0,1,1,0,0,1,0,0,0,0,0,0,1,0,0,0,0,0,0,1,0,0,0,1,0,0,0,0,0,0,0,0,1,1,1,1,1,1,1,1,1,1,0,0
AET0084,1,0,0,0,0,0,1,0,1,0,0,0,1,1,0,1,0,1,0,0,1,0,1,0,1,0,0,1,0,1,1,1,0,0,0,0,1,0,0,0,0,0,0,0,0,1,0,0,0,0,0,0,1,0,1,0,0,0,1,0,0,0,0,0,0,0,0,1,0,0,1,0,2,1,2,1,2,0,2,2,2,2,0,1,1,1,0,1,0,0,2,2,2,2,0,2,2,2,1,1,0,1,1,2,1,1,2,0,0,0,1,1,0,1,1,1,1,0,1,0,1,1,1,2,2,1,1,1,2,1,2,1,2,1,2,1,1,1,1,1,1,1,2,1,1,2,2,1,1,2,1,1,1,1,1,1,2,2,1,1,2,1,1,1,1,1,1,2,1,1,1,1,1,1,2,1,1,1,2,1,1,1,1,1,1,1,1,2,2,2,0,0,0,0,0,0,0,1,1
AET0092,1,0,0,0,0,0,1,0,1,0,0,0,1,1,0,1,0,1,0,0,1,0,1,0,1,0,0,1,0,1,1,1,0,0,0,0,1,0,0,0,0,0,0,0,0,1,0,0,0,0,0,0,1,0,1,0,0,0,1,0,0,0,0,0,0,0,0,1,0,0,1,0,2,1,2,1,2,0,2,2,2,2,0,1,1,1,0,1,0,0,2,2,2,2,0,2,2,2,1,1,0,1,1,2,1,1,2,0,0,0,1,1,0,1,1,1,1,0,1,0,1,1,1,2,2,1,1,1,2,1,2,1,2,1,2,1,1,1,1,1,1,1,2,1,1,2,2,1,1,2,1,1,1,1,1,1,2,2,1,1,2,1,1,1,1,1,1,2,1,1,1,1,1,1,2,1,1,1,2,1,1,1,1,1,1,1,1,2,2,2,0,0,0,0,0,0,0,0,0
AET0064,2,0,0,0,0,0,2,0,2,0,0,0,2,2,0,2,0,2,0,0,2,0,2,0,2,0,0,2,0,2,2,2,0,2,2,2,2,0,0,0,0,0,0,0,0,2,2,0,0,0,0,0,2,2,2,0,0,0,2,2,0,2,0,0,0,0,0,2,0,0,0,0,0,0,0,0,0,0,0,0,0,0,0,0,0,0,0,0,0,0,0,0,0,0,0,0,0,0,0,0,0,0,0,0,0,0,0,0,0,0,0,0,0,0,0,0,0,0,0,0,0,0,0,0,0,0,0,0,0,0,0,0,0,0,0,0,0,0,0,0,0,0,0,0,0,0,0,0,0,0,0,0,0,0,0,0,0,0,0,0,0,0,0,0,0,0,0,0,0,0,0,0,0,0,0,0,0,0,0,0,0,0,0,0,0,0,0,0,0,0,0,0,0,0,0,0,0,0,0
AET0058,1,0,0,0,0,0,0,0,0,0,0,0,0,0,0,0,1,0,0,0,2,0,2,0,0,1,1,1,0,0,1,1,1,0,0,0,2,0,0,0,0,1,0,0,0,2,0,0,1,0,0,0,2,0,2,0,0,0,2,0,0,0,0,0,1,1,1,1,0,1,0,1,2,1,2,2,2,0,2,2,2,2,1,0,0,0,1,0,1,1,2,2,2,2,1,2,2,2,0,0,1,0,0,2,0,0,2,1,1,1,0,0,1,0,0,0,0,2,0,1,0,0,0,2,2,0,0,0,2,0,2,0,2,0,2,0,0,0,0,0,0,0,2,0,0,2,2,0,0,2,0,0,0,0,0,0,2,2,0,0,2,0,0,0,0,0,0,2,0,0,0,0,0,0,2,0,0,0,2,0,0,0,0,0,0,0,0,2,2,2,0,0,0,0,0,0,0,0,0
AET0018,2,0,0,0,0,0,2,0,2,0,0,0,2,2,0,2,0,2,0,0,2,0,2,0,2,0,0,2,0,2,2,2,0,0,0,0,2,0,0,0,0,0,0,0,0,2,0,0,0,0,0,0,2,0,2,0,0,0,2,0,0,0,0,0,0,0,0,2,0,0,0,0,2,0,2,0,2,0,2,2,2,2,0,0,0,0,0,0,0,0,2,2,2,2,0,2,2,2,0,0,0,0,0,2,0,0,2,0,0,0,0,0,0,0,0,0,0,0,0,0,0,0,0,2,2,0,0,0,2,0,2,0,2,0,2,0,0,0,0,0,0,0,2,0,0,2,2,0,0,2,0,0,0,0,0,0,2,2,0,0,2,0,0,0,0,0,0,2,0,0,0,0,0,0,2,0,0,0,2,0,0,0,0,0,0,0,0,2,2,2,1,1,1,1,1,1,1,0,0
AET0103,1,0,0,0,0,0,1,0,1,0,0,0,1,1,0,1,0,1,0,0,1,0,1,0,1,0,0,1,0,1,1,1,0,0,0,0,1,0,0,0,0,0,0,0,0,1,0,0,0,0,0,0,1,0,1,0,0,0,1,0,0,0,0,0,0,0,0,1,0,0,1,0,2,1,2,1,2,0,2,2,2,2,0,1,1,1,0,1,0,0,2,2,2,2,0,2,2,2,1,1,0,1,1,2,1,1,2,0,0,0,1,1,0,1,1,1,1,0,1,0,1,1,1,2,2,1,1,1,2,1,2,1,2,1,2,1,1,1,1,1,1,1,2,1,1,2,2,1,1,2,1,1,1,1,1,1,2,2,1,1,2,1,1,1,1,1,1,2,1,1,1,1,1,1,2,1,1,1,2,1,1,1,1,1,1,1,1,2,2,2,0,1,0,0,0,0,0,0,0
AET0394,1,0,0,0,0,0,1,0,1,0,0,0,1,1,0,1,0,1,0,0,1,0,1,0,1,0,0,1,0,1,1,2,0,2,2,2,2,0,0,0,0,0,0,0,0,2,2,0,0,0,0,0,2,2,2,0,0,0,2,2,0,2,0,0,0,0,0,2,0,0,0,0,0,0,0,0,0,0,0,0,0,0,0,0,0,0,0,0,0,0,0,0,0,0,0,0,0,0,0,0,0,0,0,0,0,0,0,0,0,0,0,0,0,0,0,0,0,0,0,0,0,0,0,0,0,0,0,0,0,0,0,0,0,0,0,0,0,0,0,0,0,0,0,0,0,0,0,0,0,0,0,0,0,0,0,0,0,0,0,0,0,0,0,0,0,0,0,1,0,0,0,0,0,0,1,0,0,0,1,0,0,0,0,0,0,0,0,1,1,1,2,2,2,2,2,2,2,0,0
AET0416,0,0,0,0,0,0,0,0,0,0,0,0,0,0,0,0,0,0,0,0,0,0,0,0,0,0,0,0,0,0,0,0,0,0,0,0,0,0,0,0,0,0,0,0,0,0,0,0,0,0,0,0,0,0,0,0,0,0,0,0,0,0,0,0,0,0,0,0,0,0,2,0,2,2,2,2,2,0,2,2,2,2,0,2,2,2,0,2,0,0,2,2,2,2,0,2,2,2,2,2,0,2,2,2,2,2,2,0,0,0,2,2,0,2,2,2,2,0,2,0,2,2,2,2,2,2,2,2,2,2,2,2,2,2,2,2,2,2,2,2,2,2,2,2,2,2,2,2,2,2,2,2,2,2,2,2,2,2,2,2,2,2,2,2,2,2,2,2,2,2,2,2,2,2,2,2,2,2,2,2,2,2,2,2,2,2,2,2,2,2,0,1,0,0,0,0,0,0,0
AET0011,2,0,0,0,0,0,2,0,1,0,0,0,2,2,0,1,0,1,0,0,2,0,2,0,1,0,0,2,0,1,2,2,0,1,1,1,2,0,0,0,0,0,0,0,0,2,1,0,0,0,0,0,2,1,2,0,0,0,2,1,0,1,0,0,0,0,1,2,1,1,0,1,1,0,1,1,1,1,1,1,1,1,0,0,0,0,0,0,0,0,1,1,1,1,0,1,1,1,0,0,0,0,0,1,0,0,1,0,0,0,0,0,0,0,0,0,0,1,0,0,0,0,0,1,1,0,0,0,1,0,1,0,1,0,1,0,0,0,0,0,0,0,1,0,0,1,1,0,0,1,0,0,0,0,0,0,1,1,0,0,1,0,0,0,0,0,0,1,0,0,0,0,0,0,1,0,0,0,1,0,0,0,0,0,0,0,0,1,1,1,0,0,0,0,0,0,0,0,0
AET0023,2,0,0,0,0,0,2,0,2,0,0,0,2,2,0,2,0,2,0,0,2,0,2,0,2,0,0,2,0,2,2,2,0,0,0,0,2,0,0,0,0,0,0,0,0,2,0,0,0,0,0,0,2,0,2,0,0,0,2,0,0,0,0,0,0,0,0,2,0,0,0,0,2,0,2,0,2,0,2,2,2,2,0,0,0,0,0,0,0,0,2,2,2,2,0,2,2,2,0,0,0,0,0,2,0,0,2,0,0,0,0,0,0,0,0,0,0,0,0,0,0,0,0,2,2,0,0,0,2,0,2,0,2,0,2,0,0,0,0,0,0,0,2,0,0,2,2,0,0,2,0,0,0,0,0,0,2,2,0,0,2,0,0,0,0,0,0,2,0,0,0,0,0,0,2,0,0,0,2,0,0,0,0,0,0,0,0,2,2,2,0,1,0,0,0,0,0,0,0
AET0047,1,0,0,0,0,0,1,0,1,0,0,0,1,1,0,1,0,1,0,0,1,0,1,0,1,0,0,1,0,1,1,1,0,0,0,0,1,0,0,0,0,0,0,0,0,1,0,0,0,0,0,0,1,0,1,0,0,0,1,0,0,0,0,0,0,0,0,1,0,0,1,0,2,1,2,1,2,0,2,2,2,2,0,1,1,1,0,1,0,0,2,2,2,2,0,2,2,2,1,1,0,1,1,2,1,1,2,0,0,0,1,1,0,1,1,1,1,0,1,0,1,1,1,2,2,1,1,1,2,1,2,1,2,1,2,1,1,1,1,1,1,1,2,1,1,2,2,1,1,2,1,1,1,1,1,1,2,2,1,1,2,1,1,1,1,1,1,2,1,1,1,1,1,1,2,1,1,1,2,1,1,1,1,1,1,1,1,2,2,2,2,2,2,2,2,2,2,0,0
AET0109,0,0,0,0,0,0,0,0,0,0,0,0,0,0,0,0,0,0,0,0,0,0,0,0,0,0,0,0,0,0,0,0,0,0,0,0,0,0,0,0,0,0,0,0,0,0,0,0,0,0,0,0,0,0,0,0,0,0,0,0,0,0,0,0,0,0,0,0,0,0,2,0,2,2,2,2,2,0,2,2,2,2,0,2,2,2,0,2,0,0,2,2,2,2,0,2,2,2,2,2,0,2,2,2,2,2,2,0,0,0,2,2,0,2,2,2,2,0,2,0,2,2,2,2,2,2,2,2,2,2,2,2,2,2,2,2,2,2,2,2,2,2,2,2,2,2,2,2,2,2,2,2,2,2,2,2,2,2,2,2,2,2,2,2,2,2,2,2,2,2,2,2,2,2,2,2,2,2,2,2,2,2,2,2,2,2,2,2,2,2,1,2,1,1,1,1,1,0,0
AET0050,1,0,0,0,0,0,1,0,1,0,0,0,1,1,0,1,0,1,0,0,1,0,1,0,1,0,0,1,0,1,1,1,0,0,0,0,1,0,0,0,0,0,0,0,0,1,0,0,0,0,0,0,1,0,1,0,0,0,1,0,0,0,0,0,0,0,0,1,0,0,1,0,2,1,2,1,2,0,2,2,2,2,0,1,1,1,0,1,0,0,2,2,2,2,0,2,2,2,1,1,0,1,1,2,1,1,2,0,0,0,1,1,0,1,1,1,1,0,1,0,1,1,1,2,2,1,1,1,2,1,2,1,2,1,2,1,1,1,1,1,1,1,2,1,1,2,2,1,1,2,1,1,1,1,1,1,2,2,1,1,2,1,1,1,1,1,1,2,1,1,1,1,1,1,2,1,1,1,2,1,1,1,1,1,1,1,1,2,2,2,1,1,1,1,1,1,1,0,0
AET0393,1,0,0,0,0,0,1,0,1,0,0,0,1,1,0,1,0,1,0,0,1,0,1,0,1,0,0,1,0,1,1,2,0,1,1,1,2,0,0,0,0,0,0,0,0,2,1,0,0,0,0,0,2,1,2,0,0,0,2,1,0,1,0,0,0,0,0,2,0,0,0,0,1,0,1,0,1,0,1,1,1,1,0,0,0,0,0,0,0,0,1,1,1,1,0,1,1,1,0,0,0,0,0,1,0,0,1,0,0,0,0,0,0,0,0,0,0,0,0,0,0,0,0,1,1,0,0,0,1,0,1,0,1,0,1,0,0,0,0,0,0,0,1,0,0,1,1,0,0,1,0,0,0,0,0,0,1,1,0,0,1,0,0,0,0,0,0,1,0,0,0,0,0,0,1,0,0,0,1,0,0,0,0,0,0,0,0,1,1,1,0,0,0,0,0,0,0,0,0
AET0106,1,0,0,0,0,0,1,0,1,0,0,0,1,1,0,1,0,1,0,0,1,0,1,0,1,0,0,1,0,1,1,2,0,1,1,1,2,0,0,0,0,0,0,0,0,2,1,0,0,0,0,0,2,1,2,0,0,0,2,1,0,1,0,0,0,0,0,2,0,0,0,0,1,0,1,0,1,0,1,1,1,1,0,0,0,0,0,0,0,0,1,1,1,1,0,1,1,1,0,0,0,0,0,1,0,0,1,0,0,0,0,0,0,0,0,0,0,0,0,0,0,0,0,1,1,0,0,0,1,0,1,0,1,0,1,0,0,0,0,0,0,0,1,0,0,1,1,0,0,1,0,0,0,0,0,0,1,1,0,0,1,0,0,0,0,0,0,1,0,0,0,0,0,0,1,0,0,0,1,0,0,0,0,0,0,0,0,1,1,1,0,0,0,0,0,0,0,0,0
AET0061,2,1,1,1,1,1,2,1,1,1,1,1,1,2,1,1,1,1,1,1,2,1,1,1,1,1,1,2,1,1,2,2,1,1,1,1,2,1,1,1,1,1,1,1,1,2,1,1,1,1,1,1,2,1,2,1,1,1,2,1,1,1,1,1,1,1,1,2,1,1,0,1,1,0,1,1,1,1,1,1,1,1,0,0,0,0,0,0,0,0,1,1,1,1,0,1,1,1,0,0,0,0,0,1,0,0,1,0,0,0,0,0,0,0,0,0,0,1,0,0,0,0,0,1,1,0,0,0,1,0,1,0,1,0,1,0,0,0,0,0,0,0,1,0,0,1,1,0,0,1,0,0,0,0,0,0,1,1,0,0,1,0,0,0,0,0,0,1,0,0,0,0,0,0,1,0,0,0,1,0,0,0,0,0,0,0,0,1,1,1,0,0,0,0,0,0,0,0,0
AET0096,0,0,0,0,0,0,0,0,0,0,0,0,0,0,0,0,0,0,0,0,0,0,0,0,0,0,0,0,0,0,0,0,0,0,0,0,0,0,0,0,0,0,0,0,0,0,0,0,0,0,0,0,0,0,0,0,0,0,0,0,0,0,0,0,0,0,0,0,0,0,2,0,2,2,2,2,2,0,2,2,2,2,0,2,2,2,0,2,0,0,2,2,2,2,0,2,2,2,2,2,0,2,2,2,2,2,2,0,0,0,2,2,0,2,2,2,2,0,2,0,2,2,2,2,2,2,2,2,2,2,2,2,2,2,2,2,2,2,2,2,2,2,2,2,2,2,2,2,2,2,2,2,2,2,2,2,2,2,2,2,2,2,2,2,2,2,2,2,2,2,2,2,2,2,2,2,2,2,2,2,2,2,2,2,2,2,2,2,2,2,0,0,0,0,0,0,0,0,0
AET0028,2,0,1,0,1,1,2,1,1,1,1,0,1,2,1,1,1,1,1,1,2,1,2,1,1,1,1,2,1,1,2,2,1,0,0,0,2,1,1,1,1,1,0,0,1,2,0,1,1,1,1,1,2,0,2,1,1,1,2,0,1,0,0,0,1,1,1,2,1,1,0,1,2,0,2,1,2,1,2,2,2,2,1,0,0,0,1,0,1,1,2,2,2,2,1,2,2,2,0,0,1,0,0,2,0,0,2,1,1,1,0,0,1,0,0,0,0,1,0,1,0,0,0,2,2,0,0,0,2,0,2,0,2,0,2,0,0,0,0,0,0,0,2,0,0,2,2,0,0,2,0,0,0,0,0,0,2,2,0,0,2,0,0,0,0,0,0,2,0,0,0,0,0,0,2,0,0,0,2,0,0,0,0,0,0,0,0,2,2,2,0,0,0,0,0,0,0,0,0
AET0089,1,0,0,0,0,0,1,0,0,0,0,0,1,1,0,0,0,0,0,0,1,0,1,0,0,0,0,1,0,0,1,1,0,0,0,0,1,0,0,0,0,0,0,0,0,1,0,0,0,0,0,0,1,0,1,0,0,0,1,0,0,0,0,0,0,0,1,1,1,1,1,1,2,1,2,2,2,1,2,2,2,2,0,1,1,1,0,1,0,0,2,2,2,2,0,2,2,2,1,1,0,1,1,2,1,1,2,0,0,0,1,1,0,1,1,1,1,1,1,0,1,1,1,2,2,1,1,1,2,1,2,1,2,1,2,1,1,1,1,1,1,1,2,1,1,2,2,1,1,2,1,1,1,1,1,1,2,2,1,1,2,1,1,1,1,1,1,2,1,1,1,1,1,1,2,1,1,1,2,1,1,1,1,1,1,1,1,2,2,2,0,0,0,0,0,0,0,0,0
AET0008,2,0,1,0,1,1,2,1,1,1,1,0,1,2,1,1,1,1,1,1,2,1,2,1,1,1,1,2,1,1,2,2,1,0,0,0,2,1,1,1,1,1,0,0,1,2,0,1,1,1,1,1,2,0,2,1,1,1,2,0,1,0,0,0,1,1,1,2,1,1,0,1,2,0,2,1,2,1,2,2,2,2,1,0,0,0,1,0,1,1,2,2,2,2,1,2,2,2,0,0,1,0,0,2,0,0,2,1,1,1,0,0,1,0,0,0,0,1,0,1,0,0,0,2,2,0,0,0,2,0,2,0,2,0,2,0,0,0,0,0,0,0,2,0,0,2,2,0,0,2,0,0,0,0,0,0,2,2,0,0,2,0,0,0,0,0,0,2,0,0,0,0,0,0,2,0,0,0,2,0,0,0,0,0,0,0,0,1,1,1,2,2,2,2,2,2,2,0,0
AET0043,2,0,0,0,0,0,2,0,2,0,0,0,2,2,0,2,0,2,0,0,2,0,2,0,2,0,0,2,0,2,2,2,0,1,1,1,2,0,0,0,0,0,0,0,0,2,1,0,0,0,0,0,2,1,2,0,0,0,2,1,0,1,0,0,0,0,0,2,0,0,0,0,1,0,1,0,1,0,1,1,1,1,0,0,0,0,0,0,0,0,1,1,1,1,0,1,1,1,0,0,0,0,0,1,0,0,1,0,0,0,0,0,0,0,0,0,0,0,0,0,0,0,0,1,1,0,0,0,1,0,1,0,1,0,1,0,0,0,0,0,0,0,1,0,0,1,1,0,0,1,0,0,0,0,0,0,1,1,0,0,1,0,0,0,0,0,0,1,0,0,0,0,0,0,1,0,0,0,1,0,0,0,0,0,0,0,0,1,1,1,0,0,0,0,0,0,0,0,0
AET0083,1,0,0,0,0,0,1,0,1,0,0,0,1,1,0,1,0,1,0,0,1,0,1,0,1,0,0,1,0,1,1,1,0,1,1,1,1,0,0,0,0,0,0,0,0,1,1,0,0,0,0,0,1,1,1,0,0,0,1,1,0,1,0,0,0,0,0,1,0,0,1,0,1,1,1,1,1,0,1,1,1,1,0,1,1,1,0,1,0,0,1,1,1,1,0,1,1,1,1,1,0,1,1,1,1,1,1,0,0,0,1,1,0,1,1,1,1,0,1,0,1,1,1,1,1,1,1,1,1,1,1,1,1,1,1,1,1,1,1,1,1,1,1,1,1,1,1,1,1,1,1,1,1,1,1,1,1,1,1,1,1,1,1,1,1,1,1,1,1,1,1,1,1,1,1,1,1,1,1,1,1,1,1,1,1,1,1,1,1,1,0,0,0,0,0,0,0,0,0
AET0042,1,0,0,0,0,0,1,0,1,0,0,0,1,1,0,1,0,1,0,0,1,0,1,0,1,0,0,1,0,1,1,1,0,0,0,0,1,0,0,0,0,0,0,0,0,1,0,0,0,0,0,0,1,0,1,0,0,0,1,0,0,0,0,0,0,0,0,1,0,0,1,0,2,1,2,1,2,0,2,2,2,2,0,1,1,1,0,1,0,0,2,2,2,2,0,2,2,2,1,1,0,1,1,2,1,1,2,0,0,0,1,1,0,1,1,1,1,0,1,0,1,1,1,2,2,1,1,1,2,1,2,1,2,1,2,1,1,1,1,1,1,1,2,1,1,2,2,1,1,2,1,1,1,1,1,1,2,2,1,1,2,1,1,1,1,1,1,2,1,1,1,1,1,1,2,1,1,1,2,1,1,1,1,1,1,1,1,2,2,2,1,1,1,1,1,1,1,0,0
AET0035,1,0,1,0,1,1,1,1,0,1,1,0,0,1,1,0,1,0,1,1,1,1,1,1,0,1,1,1,1,0,1,1,1,0,0,0,1,1,1,1,1,1,0,0,1,1,0,1,1,1,1,1,1,0,1,1,1,1,1,0,1,0,0,0,1,1,1,1,1,1,1,1,2,1,2,2,2,1,2,2,2,2,1,1,1,1,1,1,1,1,2,2,2,2,1,2,2,2,1,1,1,1,1,2,1,1,2,1,1,1,1,1,1,1,1,1,1,1,1,1,1,1,1,2,2,1,1,1,2,1,2,1,2,1,2,1,1,1,1,1,1,1,2,1,1,2,2,1,1,2,1,1,1,1,1,1,2,2,1,1,2,1,1,1,1,1,1,2,1,1,1,1,1,1,2,1,1,1,2,1,1,1,1,1,1,1,1,2,2,2,0,0,0,0,0,0,0,0,0
AET0024,1,0,0,0,0,0,1,0,1,0,0,0,1,1,0,1,0,1,0,0,1,0,1,0,1,0,0,1,0,1,1,1,0,0,0,0,1,0,0,0,0,0,0,0,0,1,0,0,0,0,0,0,1,0,1,0,0,0,1,0,0,0,0,0,0,0,0,1,0,0,1,0,2,1,2,1,2,0,2,2,2,2,0,1,1,1,0,1,0,0,2,2,2,2,0,2,2,2,1,1,0,1,1,2,1,1,2,0,0,0,1,1,0,1,1,1,1,0,1,0,1,1,1,2,2,1,1,1,2,1,2,1,2,1,2,1,1,1,1,1,1,1,2,1,1,2,2,1,1,2,1,1,1,1,1,1,2,2,1,1,2,1,1,1,1,1,1,2,1,1,1,1,1,1,2,1,1,1,2,1,1,1,1,1,1,1,1,2,2,2,0,0,0,0,0,0,0,0,0
AET0113,2,0,0,0,0,0,2,0,2,0,0,0,2,2,0,2,0,2,0,0,2,0,2,0,2,0,0,2,0,2,2,2,0,0,0,0,2,0,0,0,0,0,0,0,0,2,0,0,0,0,0,0,2,0,2,0,0,0,2,0,0,0,0,0,0,0,0,2,0,0,0,0,2,0,2,0,2,0,2,2,2,2,0,0,0,0,0,0,0,0,2,2,2,2,0,2,2,2,0,0,0,0,0,2,0,0,2,0,0,0,0,0,0,0,0,0,0,0,0,0,0,0,0,2,2,0,0,0,2,0,2,0,2,0,2,0,0,0,0,0,0,0,2,0,0,2,2,0,0,2,0,0,0,0,0,0,2,2,0,0,2,0,0,0,0,0,0,2,0,0,0,0,0,0,2,0,0,0,2,0,0,0,0,0,0,0,0,2,2,2,0,1,0,0,0,0,0,0,0
AET0093,2,0,0,0,0,0,2,0,2,0,0,0,2,2,0,2,0,2,0,0,2,0,2,0,2,0,0,2,0,2,2,2,0,0,0,0,2,0,0,0,0,0,0,0,0,2,0,0,0,0,0,0,2,0,2,0,0,0,2,0,0,0,0,0,0,0,0,2,0,0,0,0,2,0,2,0,2,0,2,2,2,2,0,0,0,0,0,0,0,0,2,2,2,2,0,2,2,2,0,0,0,0,0,2,0,0,2,0,0,0,0,0,0,0,0,0,0,0,0,0,0,0,0,2,2,0,0,0,2,0,2,0,2,0,2,0,0,0,0,0,0,0,2,0,0,2,2,0,0,2,0,0,0,0,0,0,2,2,0,0,2,0,0,0,0,0,0,2,0,0,0,0,0,0,2,0,0,0,2,0,0,0,0,0,0,0,0,1,1,1,0,0,0,0,0,0,0,0,0
AET0396,2,0,0,0,0,0,2,0,2,0,0,0,2,2,0,2,0,2,0,0,2,0,2,0,2,0,0,2,0,2,2,2,0,0,0,0,2,0,0,0,0,0,0,0,0,2,0,0,0,0,0,0,2,0,2,0,0,0,2,0,0,0,0,0,0,0,0,2,0,0,0,0,2,0,2,0,2,0,2,2,2,2,0,0,0,0,0,0,0,0,2,2,2,2,0,2,2,2,0,0,0,0,0,2,0,0,2,0,0,0,0,0,0,0,0,0,0,0,0,0,0,0,0,2,2,0,0,0,2,0,2,0,2,0,2,0,0,0,0,0,0,0,2,0,0,2,2,0,0,2,0,0,0,0,0,0,2,2,0,0,2,0,0,0,0,0,0,2,0,0,0,0,0,0,2,0,0,0,2,0,0,0,0,0,0,0,0,1,1,1,0,0,0,0,0,0,0,0,0
AET0021,1,0,0,0,0,0,1,0,1,0,0,0,1,1,0,1,0,1,0,0,1,0,1,0,1,0,0,1,0,1,1,2,0,2,2,2,2,0,0,0,0,0,0,0,0,2,2,0,0,0,0,0,2,2,2,0,0,0,2,2,0,2,0,0,0,0,0,2,0,0,0,0,0,0,0,0,0,0,0,0,0,0,0,0,0,0,0,0,0,0,0,0,0,0,0,0,0,0,0,0,0,0,0,0,0,0,0,0,0,0,0,0,0,0,0,0,0,0,0,0,0,0,0,0,0,0,0,0,0,0,0,0,0,0,0,0,0,0,0,0,0,0,0,0,0,0,0,0,0,0,0,0,0,0,0,0,0,0,0,0,0,0,0,0,0,0,0,0,0,0,0,0,0,0,0,0,0,0,0,0,0,0,0,0,0,0,0,0,0,0,1,1,1,1,1,1,1,0,0
AET0071,1,0,0,0,0,0,1,0,1,0,0,0,1,1,0,1,0,1,0,0,1,0,1,0,1,0,0,1,0,1,1,1,0,1,1,1,1,0,0,0,0,0,0,0,0,1,1,0,0,0,0,0,1,1,1,0,0,0,1,1,0,1,0,0,0,0,0,1,0,0,1,0,1,1,1,1,1,0,1,1,1,1,0,1,1,1,0,1,0,0,1,1,1,1,0,1,1,1,1,1,0,1,1,1,1,1,1,0,0,0,1,1,0,1,1,1,1,0,1,0,1,1,1,1,1,1,1,1,1,1,1,1,1,1,1,1,1,1,1,1,1,1,1,1,1,1,1,1,1,1,1,1,1,1,1,1,1,1,1,1,1,1,1,1,1,1,1,1,1,1,1,1,1,1,1,1,1,1,1,1,1,1,1,1,1,1,1,1,1,1,0,0,0,0,0,0,0,0,0
AET0138,1,0,0,0,0,0,1,0,1,0,0,0,1,1,0,1,0,1,0,0,1,0,1,0,1,0,0,1,0,1,1,1,0,0,0,0,1,0,0,0,0,0,0,0,0,1,0,0,0,0,0,0,1,0,1,0,0,0,1,0,0,0,0,0,0,0,0,1,0,0,1,0,2,1,2,1,2,0,2,2,2,2,0,1,1,1,0,1,0,0,2,2,2,2,0,2,2,2,1,1,0,1,1,2,1,1,2,0,0,0,1,1,0,1,1,1,1,0,1,0,1,1,1,2,2,1,1,1,2,1,2,1,2,1,2,1,1,1,1,1,1,1,2,1,1,2,2,1,1,2,1,1,1,1,1,1,2,2,1,1,2,1,1,1,1,1,1,2,1,1,1,1,1,1,2,1,1,1,2,1,1,1,1,1,1,1,1,2,2,2,0,1,0,0,0,0,0,0,0
AET0111,1,0,0,0,0,0,1,0,1,0,0,0,1,1,0,1,0,1,0,0,1,0,1,0,1,0,0,1,0,1,1,1,0,1,1,1,1,0,0,0,0,0,0,0,0,1,1,0,0,0,0,0,1,1,1,0,0,0,1,1,0,1,0,0,0,0,0,1,0,0,1,0,2,1,1,1,2,0,1,1,1,1,0,1,1,1,0,1,0,0,1,1,1,1,0,1,1,1,1,1,0,1,1,1,1,1,1,0,0,0,1,1,0,1,1,1,1,0,1,0,1,1,1,1,1,1,1,1,1,1,2,1,1,1,1,1,1,1,1,1,1,1,1,1,1,1,2,1,1,1,1,1,1,1,1,1,1,1,1,1,1,1,1,1,1,1,1,1,1,1,1,1,1,1,1,1,1,1,1,1,1,1,1,1,1,1,1,1,1,1,0,0,0,0,0,0,0,0,0
AET0390,2,0,1,0,1,0,2,1,1,1,1,0,1,2,0,1,1,1,0,0,2,0,2,0,1,1,1,2,0,1,2,2,1,1,1,1,2,0,0,0,0,1,0,0,0,2,1,0,1,0,0,0,2,1,2,0,0,0,2,1,0,1,0,0,1,1,1,2,0,1,0,1,1,0,1,1,1,0,1,1,1,1,1,0,0,0,1,0,1,1,1,1,1,1,1,1,1,1,0,0,1,0,0,1,0,0,1,1,1,1,0,0,1,0,0,0,0,1,0,1,0,0,0,1,1,0,0,0,1,0,1,0,1,0,1,0,0,0,0,0,0,0,1,0,0,1,1,0,0,1,0,0,0,0,0,0,1,1,0,0,1,0,0,0,0,0,0,1,0,0,0,0,0,0,1,0,0,0,1,0,0,0,0,0,0,0,0,1,1,1,0,0,0,0,0,0,0,0,0
