,rs157580
AET0044,1
AET0380,2
AET0027,1
AET0049,2
AET0006,0
AET0065,2
AET0374,2
AET0002,1
AET0110,2
AET0372,1
AET0036,2
AET0004,0
AET0070,1
AET0031,2
AET0076,2
AET0078,2
AET0068,2
AET0056,1
AET0055,2
AET0404,1
AET0073,2
AET0075,1
AET0085,1
AET0041,1
AET0025,1
AET0099,1
AET0377,2
AET0045,2
AET0080,1
AET0097,2
AET0090,1
AET0001,1
AET0066,2
AET0062,1
AET0052,0
AET0087,2
AET0022,2
AET0121,0
AET0039,1
AET0415,1
AET0046,1
AET0048,1
AET0051,0
AET0034,2
AET0016,1
AET0077,1
AET0015,2
AET0032,1
AET0418,1
AET0104,2
AET0397,1
AET0137,1
AET0123,1
AET0081,2
AET0107,2
AET0373,1
AET0017,2
AET0114,1
AET0003,0
AET0014,2
AET0074,2
AET0387,0
AET0088,1
AET0115,2
AET0033,2
AET0420,2
AET0030,1
AET0100,2
AET0026,1
AET0029,1
AET0057,1
AET0371,2
AET0122,1
AET0084,1
AET0092,2
AET0064,1
AET0058,2
AET0018,2
AET0103,1
AET0394,2
AET0416,2
AET0011,2
AET0023,2
AET0047,1
AET0109,1
AET0050,0
AET0393,2
AET0106,2
AET0061,2
AET0096,1
AET0028,1
AET0089,0
AET0008,2
AET0043,0
AET0083,1
AET0042,2
AET0035,2
AET0024,2
AET0113,2
AET0093,2
AET0396,1
AET0021,0
AET0071,2
AET0138,1
AET0111,0
AET0390,0
