,rs6599388,rs4889609,rs4889526,rs35961830,rs11865038
AET0044,0,2,2,2,2
AET0380,0,0,0,0,0
AET0027,1,1,1,1,1
AET0049,0,0,0,0,0
AET0006,1,1,1,1,1
AET0065,1,0,0,0,0
AET0374,2,1,1,1,1
AET0002,0,1,1,1,1
AET0110,0,2,2,2,2
AET0372,0,0,0,0,0
AET0036,0,1,1,1,1
AET0004,0,0,0,0,0
AET0070,0,1,1,1,1
AET0031,2,0,0,0,0
AET0076,0,1,1,1,1
AET0078,1,0,0,0,0
AET0068,0,2,2,2,2
AET0056,0,2,2,2,2
AET0055,0,0,0,0,0
AET0404,0,1,1,1,1
AET0073,1,0,0,0,0
AET0075,0,1,1,1,1
AET0085,0,0,0,0,0
AET0041,1,1,1,1,1
AET0025,1,2,2,2,2
AET0099,0,1,1,1,1
AET0377,2,0,0,0,0
AET0045,1,0,0,0,0
AET0080,1,0,0,0,0
AET0097,1,2,2,2,2
AET0090,0,1,1,1,1
AET0001,1,1,1,1,2
AET0066,2,0,0,0,1
AET0062,0,0,0,0,0
AET0052,1,2,2,2,2
AET0087,0,1,1,1,1
AET0022,0,1,1,1,1
AET0121,2,0,0,0,0
AET0039,0,0,0,0,0
AET0415,1,1,1,1,1
AET0046,0,2,2,2,2
AET0048,0,0,0,0,0
AET0051,0,2,2,2,2
AET0034,1,0,0,0,0
AET0016,0,1,1,1,1
AET0077,0,2,2,2,2
AET0015,0,1,1,1,1
AET0032,0,0,0,0,0
AET0418,0,0,0,0,0
AET0104,0,0,0,0,0
AET0397,1,0,0,0,0
AET0137,0,2,2,2,2
AET0123,0,1,1,1,1
AET0081,1,2,2,2,2
AET0107,1,2,2,2,2
AET0373,1,0,0,0,0
AET0017,0,1,1,1,1
AET0114,1,2,2,2,2
AET0003,0,1,1,1,1
AET0014,0,1,1,1,1
AET0074,0,0,0,0,0
AET0387,1,0,0,0,0
AET0088,0,0,0,0,0
AET0115,0,0,0,0,0
AET0033,0,1,1,1,1
AET0420,0,1,1,1,1
AET0030,0,1,1,1,1
AET0100,2,1,1,1,1
AET0026,0,1,1,1,1
AET0029,1,0,0,0,0
AET0057,1,1,1,1,1
AET0371,2,1,1,1,1
AET0122,1,1,1,1,1
AET0084,1,0,0,0,0
AET0092,0,1,1,1,1
AET0064,1,1,1,1,1
AET0058,0,1,1,1,1
AET0018,0,1,1,1,1
AET0103,2,1,1,1,1
AET0394,0,0,0,0,0
AET0416,0,0,0,0,0
AET0011,0,1,1,1,1
AET0023,1,0,0,0,0
AET0047,1,1,1,1,1
AET0109,0,1,1,1,1
AET0050,0,0,0,0,0
AET0393,0,0,0,0,0
AET0106,1,1,1,1,1
AET0061,0,0,0,0,0
AET0096,0,0,0,0,0
AET0028,1,0,0,0,0
AET0089,0,1,1,1,1
AET0008,1,0,0,0,0
AET0043,0,0,0,0,0
AET0083,1,1,1,1,1
AET0042,2,2,2,2,2
AET0035,2,0,0,0,0
AET0024,0,1,1,1,1
AET0113,2,0,0,0,0
AET0093,1,0,0,0,0
AET0396,0,1,1,1,1
AET0021,0,1,1,1,1
AET0071,1,1,1,1,1
AET0138,0,1,1,1,1
AET0111,2,1,1,1,1
AET0390,0,1,1,1,1
