,rs8179786,rs10804111,rs3185378,rs13016963
AET0044,2,2,2,2
AET0380,1,1,1,1
AET0027,2,2,2,2
AET0049,2,2,2,2
AET0006,0,0,0,0
AET0065,2,2,2,2
AET0374,2,2,2,2
AET0002,0,0,0,0
AET0110,1,1,1,1
AET0372,2,2,2,2
AET0036,2,2,2,2
AET0004,2,2,2,2
AET0070,2,2,2,2
AET0031,1,1,1,1
AET0076,1,1,1,1
AET0078,0,1,1,1
AET0068,0,0,0,0
AET0056,1,2,2,2
AET0055,1,1,1,1
AET0404,2,2,2,2
AET0073,1,1,1,1
AET0075,1,1,1,1
AET0085,0,1,1,1
AET0041,2,2,2,2
AET0025,1,1,1,1
AET0099,2,2,2,2
AET0377,1,1,1,1
AET0045,2,2,2,2
AET0080,1,1,1,1
AET0097,0,1,1,1
AET0090,1,1,1,1
AET0001,1,1,1,1
AET0066,1,1,1,1
AET0062,2,2,2,2
AET0052,1,2,2,2
AET0087,0,1,1,1
AET0022,1,1,1,1
AET0121,2,2,2,2
AET0039,1,1,1,1
AET0415,2,2,2,2
AET0046,1,1,1,1
AET0048,2,2,2,2
AET0051,1,1,1,1
AET0034,0,0,0,0
AET0016,1,1,1,1
AET0077,0,0,0,0
AET0015,1,1,1,1
AET0032,0,0,0,0
AET0418,1,1,1,1
AET0104,0,0,0,0
AET0397,2,2,2,2
AET0137,2,2,2,2
AET0123,1,1,1,1
AET0081,2,2,2,2
AET0107,2,2,2,2
AET0373,1,1,1,1
AET0017,0,0,0,0
AET0114,2,2,2,2
AET0003,0,0,0,0
AET0014,2,2,2,2
AET0074,1,1,1,1
AET0387,2,2,2,2
AET0088,2,2,2,2
AET0115,2,2,2,2
AET0033,1,1,1,1
AET0420,1,1,1,1
AET0030,1,1,1,1
AET0100,2,2,2,2
AET0026,1,1,1,1
AET0029,0,0,0,0
AET0057,1,1,1,1
AET0371,2,2,2,2
AET0122,0,0,0,0
AET0084,1,1,1,1
AET0092,1,1,1,1
AET0064,2,2,2,2
AET0058,0,1,1,1
AET0018,1,1,1,1
AET0103,1,2,2,2
AET0394,0,0,0,0
AET0416,2,2,2,2
AET0011,2,2,2,2
AET0023,1,1,1,1
AET0047,1,2,2,2
AET0109,1,1,1,1
AET0050,1,2,2,2
AET0393,1,1,1,1
AET0106,1,1,1,1
AET0061,0,0,0,0
AET0096,1,1,1,1
AET0028,1,1,1,1
AET0089,2,2,2,2
AET0008,0,0,0,0
AET0043,2,2,2,2
AET0083,1,1,1,1
AET0042,1,2,2,2
AET0035,1,1,1,1
AET0024,1,1,1,1
AET0113,1,1,1,1
AET0093,1,1,1,1
AET0396,1,2,2,2
AET0021,2,2,2,2
AET0071,2,2,2,2
AET0138,2,2,2,2
AET0111,2,2,2,2
AET0390,1,1,1,1
