,rs823118,rs947211,rs1772156,rs885224,rs12565968,rs1775143,rs1775144,rs1775145,rs1775146,rs12740609,rs7536285,rs7513115,rs708726,rs823155,rs823156,rs823069,rs708729,rs823072,rs708730
AET0044,0,1,1,1,1,1,2,1,1,0,1,1,1,1,2,2,2,2,2
AET0380,2,2,2,2,2,2,2,2,2,0,2,2,2,2,2,2,2,2,2
AET0027,2,2,2,2,2,2,2,2,2,0,2,2,2,2,2,2,2,2,2
AET0049,1,1,1,1,1,1,2,1,1,0,1,1,1,1,1,2,2,2,2
AET0006,2,2,2,2,2,2,2,2,2,0,2,2,2,2,2,2,2,2,2
AET0065,2,2,2,2,2,2,2,2,2,0,2,2,2,2,2,2,2,2,2
AET0374,1,2,2,2,2,2,2,2,2,0,2,2,2,2,2,2,2,2,2
AET0002,2,2,2,2,2,2,2,2,2,0,2,2,2,2,2,2,2,2,2
AET0110,2,2,2,2,2,2,2,2,2,0,2,2,1,1,1,1,1,1,1
AET0372,0,1,1,1,1,1,2,1,1,0,1,1,1,1,1,1,1,1,1
AET0036,1,2,2,2,2,2,2,2,2,0,2,2,2,2,2,2,2,2,2
AET0004,2,2,2,2,2,2,2,2,2,0,2,2,2,2,2,2,2,2,2
AET0070,0,0,0,0,0,0,1,0,0,1,0,0,0,0,0,1,1,1,1
AET0031,1,2,2,2,2,2,2,2,2,0,2,2,2,2,1,1,1,1,1
AET0076,1,2,2,2,2,2,2,2,2,0,2,2,2,2,2,2,2,2,2
AET0078,1,2,2,2,2,2,2,2,2,0,2,2,2,2,2,2,2,2,2
AET0068,2,2,2,2,2,2,2,2,2,0,2,2,2,2,2,2,2,2,2
AET0056,2,2,2,2,2,2,2,2,2,0,2,2,2,2,2,2,2,2,2
AET0055,1,2,2,2,2,2,2,2,2,0,2,2,2,2,2,2,2,2,2
AET0404,0,1,2,1,2,2,2,1,2,0,2,2,2,2,2,1,1,1,1
AET0073,0,1,1,1,1,1,1,1,1,1,1,1,1,1,1,1,1,1,1
AET0075,1,2,2,2,2,2,2,2,2,0,2,2,2,2,2,2,2,2,2
AET0085,1,2,2,2,2,2,2,2,2,0,2,2,2,2,2,2,2,2,2
AET0041,1,1,1,1,1,1,2,1,1,0,1,1,1,1,1,2,2,2,2
AET0025,1,2,2,2,2,2,2,2,2,0,2,2,2,2,2,2,2,2,2
AET0099,0,0,0,0,0,0,2,0,0,0,0,0,0,0,0,2,2,2,2
AET0377,1,1,1,1,1,1,2,1,1,0,1,1,1,1,1,1,1,1,1
AET0045,2,2,2,2,2,2,2,2,2,0,2,2,2,2,2,2,2,2,2
AET0080,1,2,2,2,2,2,2,2,2,0,2,2,2,2,2,2,2,2,2
AET0097,0,1,1,1,0,0,1,0,0,0,0,0,0,0,0,0,0,0,0
AET0090,1,1,1,1,1,1,1,1,1,1,1,1,1,1,1,1,1,1,1
AET0001,1,2,2,2,2,2,2,2,2,0,2,2,1,1,1,1,1,1,1
AET0066,1,1,2,1,2,2,2,1,2,0,2,2,2,2,2,1,1,1,1
AET0062,1,2,2,2,2,2,2,2,2,0,2,2,1,1,0,0,0,0,0
AET0052,0,1,1,1,1,1,2,1,1,0,1,1,1,1,1,1,1,1,1
AET0087,0,2,2,2,2,2,2,2,2,0,2,2,2,2,2,2,2,2,2
AET0022,1,1,1,1,1,1,2,1,1,0,1,1,1,1,2,2,2,2,2
AET0121,0,2,2,2,1,1,2,1,1,0,1,1,2,2,2,1,1,1,1
AET0039,1,1,1,1,1,1,2,1,1,0,1,1,1,1,2,2,2,2,2
AET0415,1,2,2,2,2,2,2,2,2,0,2,2,2,2,2,2,2,2,2
AET0046,2,2,2,2,2,2,2,2,2,0,2,2,2,2,2,2,2,2,2
AET0048,0,1,1,1,1,1,1,1,1,1,1,1,1,1,1,1,1,1,1
AET0051,1,2,2,2,2,2,2,2,2,0,2,2,2,2,1,1,1,1,1
AET0034,1,2,2,2,2,2,2,2,2,0,2,2,2,2,1,1,1,1,1
AET0016,1,1,1,1,1,1,1,1,1,1,1,1,1,1,1,1,1,1,1
AET0077,2,2,2,2,2,2,2,2,2,0,2,2,2,2,2,2,2,2,2
AET0015,2,2,2,2,2,2,2,2,2,0,2,2,2,2,2,1,1,1,1
AET0032,2,2,2,2,2,2,2,2,2,0,2,2,2,2,2,2,2,2,2
AET0418,2,2,2,2,2,2,2,2,2,0,2,2,2,2,2,2,2,2,2
AET0104,1,1,1,1,1,1,2,1,1,0,1,1,1,1,1,1,1,1,1
AET0397,1,2,2,2,2,2,2,2,2,0,2,2,2,2,2,2,2,2,2
AET0137,1,1,1,1,1,1,2,1,1,0,1,1,1,1,2,2,2,2,2
AET0123,1,2,2,2,2,2,2,2,2,0,2,2,2,2,2,2,2,2,2
AET0081,1,2,2,2,2,2,2,2,2,0,2,2,2,2,2,2,2,2,2
AET0107,1,2,2,2,2,2,2,2,2,0,2,2,2,2,2,2,2,2,2
AET0373,1,2,2,2,2,2,2,2,2,0,2,2,2,2,2,2,2,2,2
AET0017,1,2,2,2,2,2,2,2,2,0,2,2,2,2,2,1,1,1,1
AET0114,2,2,2,2,2,2,2,2,2,0,2,2,2,2,2,2,2,2,2
AET0003,0,0,0,0,0,0,1,0,0,1,0,0,0,0,0,0,0,0,0
AET0014,2,2,2,2,2,2,2,2,2,0,2,2,2,2,2,2,2,2,2
AET0074,2,2,2,2,2,2,2,2,2,0,2,2,1,1,1,1,1,1,2
AET0387,2,2,2,2,2,2,2,2,2,0,2,2,2,2,2,2,2,2,2
AET0088,2,2,2,2,2,2,2,2,2,0,2,2,1,1,1,1,1,1,1
AET0115,1,1,1,1,1,1,2,1,1,0,1,1,1,1,1,1,1,1,1
AET0033,1,2,2,2,2,2,2,2,2,0,2,2,2,2,1,1,1,1,1
AET0420,2,2,2,2,2,2,2,2,2,0,2,2,2,2,2,2,2,2,2
AET0030,2,2,2,2,2,2,2,2,2,0,2,2,2,2,2,2,2,2,2
AET0100,2,2,2,2,2,2,2,2,2,0,2,2,2,2,2,2,2,2,2
AET0026,1,2,2,2,2,2,2,2,2,0,2,2,2,2,2,2,2,2,2
AET0029,2,2,2,2,2,2,2,2,2,0,2,2,2,2,2,2,2,2,2
AET0057,2,2,2,2,2,2,2,2,2,0,2,2,2,2,2,2,2,2,2
AET0371,0,0,0,0,0,0,2,0,0,0,0,0,0,0,1,2,2,2,2
AET0122,2,2,2,2,2,2,2,2,2,0,2,2,2,2,2,2,2,2,2
AET0084,2,2,2,2,2,2,2,2,2,0,2,2,2,2,2,2,2,2,2
AET0092,1,1,1,1,1,1,2,1,1,0,1,1,1,1,2,2,2,2,2
AET0064,2,2,2,2,2,2,2,2,2,0,2,2,2,2,2,2,2,2,2
AET0058,1,1,1,1,1,1,1,1,1,0,1,1,1,1,1,1,1,1,1
AET0018,1,2,2,2,2,2,2,2,2,0,2,2,2,2,1,1,1,1,1
AET0103,0,0,0,0,0,0,2,0,0,0,0,0,0,0,1,2,2,2,2
AET0394,0,2,2,2,2,2,2,2,2,0,2,2,2,2,1,1,1,1,1
AET0416,0,2,2,2,2,2,2,2,2,0,2,2,2,2,2,2,2,2,2
AET0011,0,2,2,2,2,2,2,2,2,0,2,2,2,2,0,0,0,0,0
AET0023,1,2,2,2,2,2,2,2,2,0,2,2,2,2,1,1,1,1,1
AET0047,1,2,2,2,2,2,2,2,2,0,2,2,2,2,2,2,2,2,2
AET0109,2,2,2,2,2,2,2,2,2,0,2,2,2,2,2,2,2,2,2
AET0050,1,1,1,1,1,1,2,1,1,0,1,1,1,1,2,2,2,2,2
AET0393,0,2,2,2,1,1,2,1,1,0,1,1,2,2,2,1,2,1,1
AET0106,2,2,2,2,2,2,2,2,2,0,2,2,2,2,2,2,2,2,2
AET0061,1,1,1,1,1,1,1,1,1,1,1,1,1,1,1,1,1,1,1
AET0096,1,2,2,2,2,2,2,2,2,0,2,2,2,2,2,2,2,2,2
AET0028,2,2,2,2,2,2,2,2,2,0,2,2,2,2,2,2,2,2,2
AET0089,1,2,2,2,2,2,2,2,2,0,2,2,2,2,1,1,1,1,1
AET0008,0,0,0,0,0,0,2,0,0,0,0,0,0,0,2,2,2,2,2
AET0043,1,2,2,2,2,2,2,2,2,0,2,2,2,2,2,2,2,2,2
AET0083,2,2,2,2,2,2,2,2,2,0,2,2,2,2,2,2,2,2,2
AET0042,1,2,2,2,2,2,2,2,2,0,2,2,2,2,2,2,2,2,2
AET0035,2,2,2,2,2,2,2,2,2,0,2,2,2,2,2,2,2,2,2
AET0024,1,1,1,1,1,1,2,1,1,0,1,1,1,1,1,1,1,1,1
AET0113,1,1,1,1,1,1,1,1,1,1,1,1,1,1,1,1,1,1,1
AET0093,2,2,2,2,2,2,2,2,2,0,2,2,2,2,2,2,2,2,2
AET0396,0,0,0,0,0,0,1,0,0,0,0,0,1,1,1,0,0,0,0
AET0021,0,1,1,1,1,1,1,1,1,1,1,1,1,1,1,1,1,1,1
AET0071,1,2,2,2,2,2,2,2,2,0,2,2,2,2,2,2,2,2,2
AET0138,1,2,2,2,2,2,2,2,2,0,2,2,2,2,2,2,2,2,2
AET0111,2,2,2,2,2,2,2,2,2,0,2,2,2,2,2,2,2,2,2
AET0390,0,1,1,1,1,1,1,1,1,1,1,1,1,1,1,1,1,1,1
